Target Distance (in),Hood Angle (deg),Flywheel Speed (ips)
8,0.0,200.00
8,5.0,0.00
8,10.0,0.00
8,15.0,0.00
8,20.0,0.00
8,25.0,0.00
8,30.0,0.00
8,35.0,0.00
8,40.0,0.00
8,45.0,0.00
8,50.0,0.00
9,0.0,203.08
9,5.0,0.00
9,10.0,0.00
9,15.0,0.00
9,20.0,0.00
9,25.0,0.00
9,30.0,0.00
9,35.0,0.00
9,40.0,0.00
9,45.0,0.00
9,50.0,0.00
10,0.0,206.15
10,5.0,0.00
10,10.0,0.00
10,15.0,0.00
10,20.0,0.00
10,25.0,0.00
10,30.0,0.00
10,35.0,0.00
10,40.0,0.00
10,45.0,0.00
10,50.0,0.00
11,0.0,209.23
11,5.0,0.00
11,10.0,0.00
11,15.0,0.00
11,20.0,0.00
11,25.0,0.00
11,30.0,0.00
11,35.0,0.00
11,40.0,0.00
11,45.0,0.00
11,50.0,0.00
12,0.0,212.31
12,5.0,0.00
12,10.0,0.00
12,15.0,0.00
12,20.0,0.00
12,25.0,0.00
12,30.0,0.00
12,35.0,0.00
12,40.0,0.00
12,45.0,0.00
12,50.0,0.00
13,0.0,215.38
13,5.0,0.00
13,10.0,0.00
13,15.0,0.00
13,20.0,0.00
13,25.0,0.00
13,30.0,0.00
13,35.0,0.00
13,40.0,0.00
13,45.0,0.00
13,50.0,0.00
14,0.0,218.46
14,5.0,0.00
14,10.0,0.00
14,15.0,0.00
14,20.0,0.00
14,25.0,0.00
14,30.0,0.00
14,35.0,0.00
14,40.0,0.00
14,45.0,0.00
14,50.0,0.00
15,0.0,221.54
15,5.0,0.00
15,10.0,0.00
15,15.0,0.00
15,20.0,0.00
15,25.0,0.00
15,30.0,0.00
15,35.0,0.00
15,40.0,0.00
15,45.0,0.00
15,50.0,0.00
16,0.0,224.62
16,5.0,0.00
16,10.0,0.00
16,15.0,0.00
16,20.0,0.00
16,25.0,0.00
16,30.0,0.00
16,35.0,0.00
16,40.0,0.00
16,45.0,0.00
16,50.0,0.00
17,0.0,227.69
17,5.0,0.00
17,10.0,0.00
17,15.0,0.00
17,20.0,0.00
17,25.0,0.00
17,30.0,0.00
17,35.0,0.00
17,40.0,0.00
17,45.0,0.00
17,50.0,0.00
18,0.0,230.77
18,5.0,200.00
18,10.0,0.00
18,15.0,0.00
18,20.0,0.00
18,25.0,0.00
18,30.0,0.00
18,35.0,0.00
18,40.0,0.00
18,45.0,0.00
18,50.0,0.00
19,0.0,233.85
19,5.0,202.35
19,10.0,0.00
19,15.0,0.00
19,20.0,0.00
19,25.0,0.00
19,30.0,0.00
19,35.0,0.00
19,40.0,0.00
19,45.0,0.00
19,50.0,0.00
20,0.0,236.92
20,5.0,204.71
20,10.0,0.00
20,15.0,0.00
20,20.0,0.00
20,25.0,0.00
20,30.0,0.00
20,35.0,0.00
20,40.0,0.00
20,45.0,0.00
20,50.0,0.00
21,0.0,240.00
21,5.0,207.06
21,10.0,0.00
21,15.0,0.00
21,20.0,0.00
21,25.0,0.00
21,30.0,0.00
21,35.0,0.00
21,40.0,0.00
21,45.0,0.00
21,50.0,0.00
22,0.0,241.54
22,5.0,209.41
22,10.0,0.00
22,15.0,0.00
22,20.0,0.00
22,25.0,0.00
22,30.0,0.00
22,35.0,0.00
22,40.0,0.00
22,45.0,0.00
22,50.0,0.00
23,0.0,243.08
23,5.0,211.76
23,10.0,0.00
23,15.0,0.00
23,20.0,0.00
23,25.0,0.00
23,30.0,0.00
23,35.0,0.00
23,40.0,0.00
23,45.0,0.00
23,50.0,0.00
24,0.0,244.62
24,5.0,214.12
24,10.0,0.00
24,15.0,0.00
24,20.0,0.00
24,25.0,0.00
24,30.0,0.00
24,35.0,0.00
24,40.0,0.00
24,45.0,0.00
24,50.0,0.00
25,0.0,246.15
25,5.0,216.47
25,10.0,0.00
25,15.0,0.00
25,20.0,0.00
25,25.0,0.00
25,30.0,0.00
25,35.0,0.00
25,40.0,0.00
25,45.0,0.00
25,50.0,0.00
26,0.0,247.69
26,5.0,218.82
26,10.0,0.00
26,15.0,0.00
26,20.0,0.00
26,25.0,0.00
26,30.0,0.00
26,35.0,0.00
26,40.0,0.00
26,45.0,0.00
26,50.0,0.00
27,0.0,249.23
27,5.0,221.18
27,10.0,0.00
27,15.0,0.00
27,20.0,0.00
27,25.0,0.00
27,30.0,0.00
27,35.0,0.00
27,40.0,0.00
27,45.0,0.00
27,50.0,0.00
28,0.0,250.77
28,5.0,223.53
28,10.0,0.00
28,15.0,0.00
28,20.0,0.00
28,25.0,0.00
28,30.0,0.00
28,35.0,0.00
28,40.0,0.00
28,45.0,0.00
28,50.0,0.00
29,0.0,252.31
29,5.0,225.88
29,10.0,200.00
29,15.0,0.00
29,20.0,0.00
29,25.0,0.00
29,30.0,0.00
29,35.0,0.00
29,40.0,0.00
29,45.0,0.00
29,50.0,0.00
30,0.0,253.85
30,5.0,228.24
30,10.0,201.82
30,15.0,0.00
30,20.0,0.00
30,25.0,0.00
30,30.0,0.00
30,35.0,0.00
30,40.0,0.00
30,45.0,0.00
30,50.0,0.00
31,0.0,255.38
31,5.0,230.59
31,10.0,203.64
31,15.0,0.00
31,20.0,0.00
31,25.0,0.00
31,30.0,0.00
31,35.0,0.00
31,40.0,0.00
31,45.0,0.00
31,50.0,0.00
32,0.0,256.92
32,5.0,232.94
32,10.0,205.45
32,15.0,0.00
32,20.0,0.00
32,25.0,0.00
32,30.0,0.00
32,35.0,0.00
32,40.0,0.00
32,45.0,0.00
32,50.0,0.00
33,0.0,258.46
33,5.0,235.29
33,10.0,207.27
33,15.0,0.00
33,20.0,0.00
33,25.0,0.00
33,30.0,0.00
33,35.0,0.00
33,40.0,0.00
33,45.0,0.00
33,50.0,0.00
34,0.0,260.00
34,5.0,237.65
34,10.0,209.09
34,15.0,0.00
34,20.0,0.00
34,25.0,0.00
34,30.0,0.00
34,35.0,0.00
34,40.0,0.00
34,45.0,0.00
34,50.0,0.00
35,0.0,261.54
35,5.0,240.00
35,10.0,210.91
35,15.0,0.00
35,20.0,0.00
35,25.0,0.00
35,30.0,0.00
35,35.0,0.00
35,40.0,0.00
35,45.0,0.00
35,50.0,0.00
36,0.0,263.08
36,5.0,241.38
36,10.0,212.73
36,15.0,0.00
36,20.0,0.00
36,25.0,0.00
36,30.0,0.00
36,35.0,0.00
36,40.0,0.00
36,45.0,0.00
36,50.0,0.00
37,0.0,264.62
37,5.0,242.76
37,10.0,214.55
37,15.0,0.00
37,20.0,0.00
37,25.0,0.00
37,30.0,0.00
37,35.0,0.00
37,40.0,0.00
37,45.0,0.00
37,50.0,0.00
38,0.0,266.15
38,5.0,244.14
38,10.0,216.36
38,15.0,0.00
38,20.0,0.00
38,25.0,0.00
38,30.0,0.00
38,35.0,0.00
38,40.0,0.00
38,45.0,0.00
38,50.0,0.00
39,0.0,267.69
39,5.0,245.52
39,10.0,218.18
39,15.0,0.00
39,20.0,0.00
39,25.0,0.00
39,30.0,0.00
39,35.0,0.00
39,40.0,0.00
39,45.0,0.00
39,50.0,0.00
40,0.0,269.23
40,5.0,246.90
40,10.0,220.00
40,15.0,200.00
40,20.0,0.00
40,25.0,0.00
40,30.0,0.00
40,35.0,0.00
40,40.0,0.00
40,45.0,0.00
40,50.0,0.00
41,0.0,270.77
41,5.0,248.28
41,10.0,221.82
41,15.0,201.54
41,20.0,0.00
41,25.0,0.00
41,30.0,0.00
41,35.0,0.00
41,40.0,0.00
41,45.0,0.00
41,50.0,0.00
42,0.0,272.31
42,5.0,249.66
42,10.0,223.64
42,15.0,203.08
42,20.0,0.00
42,25.0,0.00
42,30.0,0.00
42,35.0,0.00
42,40.0,0.00
42,45.0,0.00
42,50.0,0.00
43,0.0,273.85
43,5.0,251.03
43,10.0,225.45
43,15.0,204.62
43,20.0,0.00
43,25.0,0.00
43,30.0,0.00
43,35.0,0.00
43,40.0,0.00
43,45.0,0.00
43,50.0,0.00
44,0.0,275.38
44,5.0,252.41
44,10.0,227.27
44,15.0,206.15
44,20.0,0.00
44,25.0,0.00
44,30.0,0.00
44,35.0,0.00
44,40.0,0.00
44,45.0,0.00
44,50.0,0.00
45,0.0,276.92
45,5.0,253.79
45,10.0,229.09
45,15.0,207.69
45,20.0,0.00
45,25.0,0.00
45,30.0,0.00
45,35.0,0.00
45,40.0,0.00
45,45.0,0.00
45,50.0,0.00
46,0.0,278.46
46,5.0,255.17
46,10.0,230.91
46,15.0,209.23
46,20.0,200.00
46,25.0,0.00
46,30.0,0.00
46,35.0,0.00
46,40.0,0.00
46,45.0,0.00
46,50.0,0.00
47,0.0,280.00
47,5.0,256.55
47,10.0,232.73
47,15.0,210.77
47,20.0,201.38
47,25.0,0.00
47,30.0,0.00
47,35.0,0.00
47,40.0,0.00
47,45.0,0.00
47,50.0,0.00
48,0.0,282.22
48,5.0,257.93
48,10.0,234.55
48,15.0,212.31
48,20.0,202.76
48,25.0,0.00
48,30.0,0.00
48,35.0,0.00
48,40.0,0.00
48,45.0,0.00
48,50.0,0.00
49,0.0,284.44
49,5.0,259.31
49,10.0,236.36
49,15.0,213.85
49,20.0,204.14
49,25.0,0.00
49,30.0,0.00
49,35.0,0.00
49,40.0,0.00
49,45.0,0.00
49,50.0,0.00
50,0.0,286.67
50,5.0,260.69
50,10.0,238.18
50,15.0,215.38
50,20.0,205.52
50,25.0,0.00
50,30.0,0.00
50,35.0,0.00
50,40.0,0.00
50,45.0,0.00
50,50.0,0.00
51,0.0,288.89
51,5.0,262.07
51,10.0,240.00
51,15.0,216.92
51,20.0,206.90
51,25.0,0.00
51,30.0,0.00
51,35.0,0.00
51,40.0,0.00
51,45.0,0.00
51,50.0,0.00
52,0.0,291.11
52,5.0,263.45
52,10.0,241.03
52,15.0,218.46
52,20.0,208.28
52,25.0,0.00
52,30.0,0.00
52,35.0,0.00
52,40.0,0.00
52,45.0,0.00
52,50.0,0.00
53,0.0,293.33
53,5.0,264.83
53,10.0,242.05
53,15.0,220.00
53,20.0,209.66
53,25.0,0.00
53,30.0,0.00
53,35.0,0.00
53,40.0,0.00
53,45.0,0.00
53,50.0,0.00
54,0.0,295.56
54,5.0,266.21
54,10.0,243.08
54,15.0,221.54
54,20.0,211.03
54,25.0,0.00
54,30.0,0.00
54,35.0,0.00
54,40.0,0.00
54,45.0,0.00
54,50.0,0.00
55,0.0,297.78
55,5.0,267.59
55,10.0,244.10
55,15.0,223.08
55,20.0,212.41
55,25.0,200.00
55,30.0,0.00
55,35.0,0.00
55,40.0,0.00
55,45.0,0.00
55,50.0,0.00
56,0.0,300.00
56,5.0,268.97
56,10.0,245.13
56,15.0,224.62
56,20.0,213.79
56,25.0,201.33
56,30.0,0.00
56,35.0,0.00
56,40.0,0.00
56,45.0,0.00
56,50.0,0.00
57,0.0,302.22
57,5.0,270.34
57,10.0,246.15
57,15.0,226.15
57,20.0,215.17
57,25.0,202.67
57,30.0,0.00
57,35.0,0.00
57,40.0,0.00
57,45.0,0.00
57,50.0,0.00
58,0.0,304.44
58,5.0,271.72
58,10.0,247.18
58,15.0,227.69
58,20.0,216.55
58,25.0,204.00
58,30.0,0.00
58,35.0,0.00
58,40.0,0.00
58,45.0,0.00
58,50.0,0.00
59,0.0,306.67
59,5.0,273.10
59,10.0,248.21
59,15.0,229.23
59,20.0,217.93
59,25.0,205.33
59,30.0,0.00
59,35.0,0.00
59,40.0,0.00
59,45.0,0.00
59,50.0,0.00
60,0.0,308.89
60,5.0,274.48
60,10.0,249.23
60,15.0,230.77
60,20.0,219.31
60,25.0,206.67
60,30.0,0.00
60,35.0,0.00
60,40.0,0.00
60,45.0,0.00
60,50.0,0.00
61,0.0,311.11
61,5.0,275.86
61,10.0,250.26
61,15.0,232.31
61,20.0,220.69
61,25.0,208.00
61,30.0,200.00
61,35.0,0.00
61,40.0,0.00
61,45.0,0.00
61,50.0,0.00
62,0.0,313.33
62,5.0,277.24
62,10.0,251.28
62,15.0,233.85
62,20.0,222.07
62,25.0,209.33
62,30.0,201.11
62,35.0,0.00
62,40.0,0.00
62,45.0,0.00
62,50.0,0.00
63,0.0,315.56
63,5.0,278.62
63,10.0,252.31
63,15.0,235.38
63,20.0,223.45
63,25.0,210.67
63,30.0,202.22
63,35.0,200.00
63,40.0,0.00
63,45.0,0.00
63,50.0,0.00
64,0.0,317.78
64,5.0,280.00
64,10.0,253.33
64,15.0,236.92
64,20.0,224.83
64,25.0,212.00
64,30.0,203.33
64,35.0,201.08
64,40.0,0.00
64,45.0,0.00
64,50.0,0.00
65,0.0,320.00
65,5.0,281.60
65,10.0,254.36
65,15.0,238.46
65,20.0,226.21
65,25.0,213.33
65,30.0,204.44
65,35.0,202.16
65,40.0,0.00
65,45.0,0.00
65,50.0,0.00
66,0.0,324.44
66,5.0,283.20
66,10.0,255.38
66,15.0,240.00
66,20.0,227.59
66,25.0,214.67
66,30.0,205.56
66,35.0,203.24
66,40.0,0.00
66,45.0,0.00
66,50.0,0.00
67,0.0,328.89
67,5.0,284.80
67,10.0,256.41
67,15.0,240.95
67,20.0,228.97
67,25.0,216.00
67,30.0,206.67
67,35.0,204.32
67,40.0,0.00
67,45.0,0.00
67,50.0,0.00
68,0.0,333.33
68,5.0,286.40
68,10.0,257.44
68,15.0,241.90
68,20.0,230.34
68,25.0,217.33
68,30.0,207.78
68,35.0,205.41
68,40.0,200.00
68,45.0,0.00
68,50.0,200.00
69,0.0,337.78
69,5.0,288.00
69,10.0,258.46
69,15.0,242.86
69,20.0,231.72
69,25.0,218.67
69,30.0,208.89
69,35.0,206.49
69,40.0,201.18
69,45.0,0.00
69,50.0,201.25
70,0.0,342.22
70,5.0,289.60
70,10.0,259.49
70,15.0,243.81
70,20.0,233.10
70,25.0,220.00
70,30.0,210.00
70,35.0,207.57
70,40.0,202.35
70,45.0,200.00
70,50.0,202.50
71,0.0,346.67
71,5.0,291.20
71,10.0,260.51
71,15.0,244.76
71,20.0,234.48
71,25.0,221.33
71,30.0,211.11
71,35.0,208.65
71,40.0,203.53
71,45.0,201.21
71,50.0,203.75
72,0.0,351.11
72,5.0,292.80
72,10.0,261.54
72,15.0,245.71
72,20.0,235.86
72,25.0,222.67
72,30.0,212.22
72,35.0,209.73
72,40.0,204.71
72,45.0,202.42
72,50.0,205.00
73,0.0,355.56
73,5.0,294.40
73,10.0,262.56
73,15.0,246.67
73,20.0,237.24
73,25.0,224.00
73,30.0,213.33
73,35.0,210.81
73,40.0,205.88
73,45.0,203.64
73,50.0,206.25
74,0.0,360.00
74,5.0,296.00
74,10.0,263.59
74,15.0,247.62
74,20.0,238.62
74,25.0,225.33
74,30.0,214.44
74,35.0,211.89
74,40.0,207.06
74,45.0,204.85
74,50.0,207.50
75,0.0,0.00
75,5.0,0.00
75,10.0,264.62
75,15.0,248.57
75,20.0,240.00
75,25.0,226.67
75,30.0,215.56
75,35.0,212.97
75,40.0,208.24
75,45.0,206.06
75,50.0,208.75
76,0.0,0.00
76,5.0,0.00
76,10.0,265.64
76,15.0,249.52
76,20.0,240.85
76,25.0,228.00
76,30.0,216.67
76,35.0,214.05
76,40.0,209.41
76,45.0,207.27
76,50.0,210.00
77,0.0,0.00
77,5.0,0.00
77,10.0,266.67
77,15.0,250.48
77,20.0,241.70
77,25.0,229.33
77,30.0,217.78
77,35.0,215.14
77,40.0,210.59
77,45.0,208.48
77,50.0,211.25
78,0.0,0.00
78,5.0,0.00
78,10.0,267.69
78,15.0,251.43
78,20.0,242.55
78,25.0,230.67
78,30.0,218.89
78,35.0,216.22
78,40.0,211.76
78,45.0,209.70
78,50.0,212.50
79,0.0,0.00
79,5.0,0.00
79,10.0,268.72
79,15.0,252.38
79,20.0,243.40
79,25.0,232.00
79,30.0,220.00
79,35.0,217.30
79,40.0,212.94
79,45.0,210.91
79,50.0,213.75
80,0.0,0.00
80,5.0,0.00
80,10.0,269.74
80,15.0,253.33
80,20.0,244.26
80,25.0,233.33
80,30.0,221.11
80,35.0,218.38
80,40.0,214.12
80,45.0,212.12
80,50.0,215.00
81,0.0,0.00
81,5.0,0.00
81,10.0,270.77
81,15.0,254.29
81,20.0,245.11
81,25.0,234.67
81,30.0,222.22
81,35.0,219.46
81,40.0,215.29
81,45.0,213.33
81,50.0,216.25
82,0.0,0.00
82,5.0,0.00
82,10.0,271.79
82,15.0,255.24
82,20.0,245.96
82,25.0,236.00
82,30.0,223.33
82,35.0,220.54
82,40.0,216.47
82,45.0,214.55
82,50.0,217.50
83,0.0,0.00
83,5.0,0.00
83,10.0,272.82
83,15.0,256.19
83,20.0,246.81
83,25.0,237.33
83,30.0,224.44
83,35.0,221.62
83,40.0,217.65
83,45.0,215.76
83,50.0,218.75
84,0.0,0.00
84,5.0,0.00
84,10.0,273.85
84,15.0,257.14
84,20.0,247.66
84,25.0,238.67
84,30.0,225.56
84,35.0,222.70
84,40.0,218.82
84,45.0,216.97
84,50.0,220.00
85,0.0,0.00
85,5.0,0.00
85,10.0,274.87
85,15.0,258.10
85,20.0,248.51
85,25.0,240.00
85,30.0,226.67
85,35.0,223.78
85,40.0,220.00
85,45.0,218.18
85,50.0,221.25
86,0.0,0.00
86,5.0,0.00
86,10.0,275.90
86,15.0,259.05
86,20.0,249.36
86,25.0,240.82
86,30.0,227.78
86,35.0,224.86
86,40.0,221.18
86,45.0,219.39
86,50.0,222.50
87,0.0,0.00
87,5.0,0.00
87,10.0,276.92
87,15.0,260.00
87,20.0,250.21
87,25.0,241.63
87,30.0,228.89
87,35.0,225.95
87,40.0,222.35
87,45.0,220.61
87,50.0,223.75
88,0.0,0.00
88,5.0,0.00
88,10.0,277.95
88,15.0,260.95
88,20.0,251.06
88,25.0,242.45
88,30.0,230.00
88,35.0,227.03
88,40.0,223.53
88,45.0,221.82
88,50.0,225.00
89,0.0,0.00
89,5.0,0.00
89,10.0,278.97
89,15.0,261.90
89,20.0,251.91
89,25.0,243.27
89,30.0,231.11
89,35.0,228.11
89,40.0,224.71
89,45.0,223.03
89,50.0,226.25
90,0.0,0.00
90,5.0,0.00
90,10.0,280.00
90,15.0,262.86
90,20.0,252.77
90,25.0,244.08
90,30.0,232.22
90,35.0,229.19
90,40.0,225.88
90,45.0,224.24
90,50.0,227.50
91,0.0,0.00
91,5.0,0.00
91,10.0,281.25
91,15.0,263.81
91,20.0,253.62
91,25.0,244.90
91,30.0,233.33
91,35.0,230.27
91,40.0,227.06
91,45.0,225.45
91,50.0,228.75
92,0.0,0.00
92,5.0,0.00
92,10.0,282.50
92,15.0,264.76
92,20.0,254.47
92,25.0,245.71
92,30.0,234.44
92,35.0,231.35
92,40.0,228.24
92,45.0,226.67
92,50.0,230.00
93,0.0,0.00
93,5.0,0.00
93,10.0,283.75
93,15.0,265.71
93,20.0,255.32
93,25.0,246.53
93,30.0,235.56
93,35.0,232.43
93,40.0,229.41
93,45.0,227.88
93,50.0,231.25
94,0.0,0.00
94,5.0,0.00
94,10.0,285.00
94,15.0,266.67
94,20.0,256.17
94,25.0,247.35
94,30.0,236.67
94,35.0,233.51
94,40.0,230.59
94,45.0,229.09
94,50.0,232.50
95,0.0,0.00
95,5.0,0.00
95,10.0,286.25
95,15.0,267.62
95,20.0,257.02
95,25.0,248.16
95,30.0,237.78
95,35.0,234.59
95,40.0,231.76
95,45.0,230.30
95,50.0,233.75
96,0.0,0.00
96,5.0,0.00
96,10.0,287.50
96,15.0,268.57
96,20.0,257.87
96,25.0,248.98
96,30.0,238.89
96,35.0,235.68
96,40.0,232.94
96,45.0,231.52
96,50.0,235.00
97,0.0,0.00
97,5.0,0.00
97,10.0,288.75
97,15.0,269.52
97,20.0,258.72
97,25.0,249.80
97,30.0,240.00
97,35.0,236.76
97,40.0,234.12
97,45.0,232.73
97,50.0,236.25
98,0.0,0.00
98,5.0,0.00
98,10.0,290.00
98,15.0,270.48
98,20.0,259.57
98,25.0,250.61
98,30.0,240.75
98,35.0,237.84
98,40.0,235.29
98,45.0,233.94
98,50.0,237.50
99,0.0,0.00
99,5.0,0.00
99,10.0,291.25
99,15.0,271.43
99,20.0,260.43
99,25.0,251.43
99,30.0,241.51
99,35.0,238.92
99,40.0,236.47
99,45.0,235.15
99,50.0,238.75
100,0.0,0.00
100,5.0,0.00
100,10.0,292.50
100,15.0,272.38
100,20.0,261.28
100,25.0,252.24
100,30.0,242.26
100,35.0,240.00
100,40.0,237.65
100,45.0,236.36
100,50.0,240.00
101,0.0,0.00
101,5.0,0.00
101,10.0,293.75
101,15.0,273.33
101,20.0,262.13
101,25.0,253.06
101,30.0,243.02
101,35.0,240.75
101,40.0,238.82
101,45.0,237.58
101,50.0,240.70
102,0.0,0.00
102,5.0,0.00
102,10.0,295.00
102,15.0,274.29
102,20.0,262.98
102,25.0,253.88
102,30.0,243.77
102,35.0,241.51
102,40.0,240.00
102,45.0,238.79
102,50.0,241.40
103,0.0,0.00
103,5.0,0.00
103,10.0,296.25
103,15.0,275.24
103,20.0,263.83
103,25.0,254.69
103,30.0,244.53
103,35.0,242.26
103,40.0,240.73
103,45.0,240.00
103,50.0,242.11
104,0.0,0.00
104,5.0,0.00
104,10.0,297.50
104,15.0,276.19
104,20.0,264.68
104,25.0,255.51
104,30.0,245.28
104,35.0,243.02
104,40.0,241.45
104,45.0,240.71
104,50.0,242.81
105,0.0,0.00
105,5.0,0.00
105,10.0,298.75
105,15.0,277.14
105,20.0,265.53
105,25.0,256.33
105,30.0,246.04
105,35.0,243.77
105,40.0,242.18
105,45.0,241.43
105,50.0,243.51
106,0.0,0.00
106,5.0,0.00
106,10.0,300.00
106,15.0,278.10
106,20.0,266.38
106,25.0,257.14
106,30.0,246.79
106,35.0,244.53
106,40.0,242.91
106,45.0,242.14
106,50.0,244.21
107,0.0,0.00
107,5.0,0.00
107,10.0,0.00
107,15.0,279.05
107,20.0,267.23
107,25.0,257.96
107,30.0,247.55
107,35.0,245.28
107,40.0,243.64
107,45.0,242.86
107,50.0,244.91
108,0.0,0.00
108,5.0,0.00
108,10.0,0.00
108,15.0,280.00
108,20.0,268.09
108,25.0,258.78
108,30.0,248.30
108,35.0,246.04
108,40.0,244.36
108,45.0,243.57
108,50.0,245.61
109,0.0,0.00
109,5.0,0.00
109,10.0,0.00
109,15.0,280.95
109,20.0,268.94
109,25.0,259.59
109,30.0,249.06
109,35.0,246.79
109,40.0,245.09
109,45.0,244.29
109,50.0,246.32
110,0.0,0.00
110,5.0,0.00
110,10.0,0.00
110,15.0,281.90
110,20.0,269.79
110,25.0,260.41
110,30.0,249.81
110,35.0,247.55
110,40.0,245.82
110,45.0,245.00
110,50.0,247.02
111,0.0,0.00
111,5.0,0.00
111,10.0,0.00
111,15.0,282.86
111,20.0,270.64
111,25.0,261.22
111,30.0,250.57
111,35.0,248.30
111,40.0,246.55
111,45.0,245.71
111,50.0,247.72
112,0.0,0.00
112,5.0,0.00
112,10.0,0.00
112,15.0,283.81
112,20.0,271.49
112,25.0,262.04
112,30.0,251.32
112,35.0,249.06
112,40.0,247.27
112,45.0,246.43
112,50.0,248.42
113,0.0,0.00
113,5.0,0.00
113,10.0,0.00
113,15.0,284.76
113,20.0,272.34
113,25.0,262.86
113,30.0,252.08
113,35.0,249.81
113,40.0,248.00
113,45.0,247.14
113,50.0,249.12
114,0.0,0.00
114,5.0,0.00
114,10.0,0.00
114,15.0,285.71
114,20.0,273.19
114,25.0,263.67
114,30.0,252.83
114,35.0,250.57
114,40.0,248.73
114,45.0,247.86
114,50.0,249.82
115,0.0,0.00
115,5.0,0.00
115,10.0,0.00
115,15.0,286.67
115,20.0,274.04
115,25.0,264.49
115,30.0,253.58
115,35.0,251.32
115,40.0,249.45
115,45.0,248.57
115,50.0,250.53
116,0.0,0.00
116,5.0,0.00
116,10.0,0.00
116,15.0,287.62
116,20.0,274.89
116,25.0,265.31
116,30.0,254.34
116,35.0,252.08
116,40.0,250.18
116,45.0,249.29
116,50.0,251.23
117,0.0,0.00
117,5.0,0.00
117,10.0,0.00
117,15.0,288.57
117,20.0,275.74
117,25.0,266.12
117,30.0,255.09
117,35.0,252.83
117,40.0,250.91
117,45.0,250.00
117,50.0,251.93
118,0.0,0.00
118,5.0,0.00
118,10.0,0.00
118,15.0,289.52
118,20.0,276.60
118,25.0,266.94
118,30.0,255.85
118,35.0,253.58
118,40.0,251.64
118,45.0,250.71
118,50.0,252.63
119,0.0,0.00
119,5.0,0.00
119,10.0,0.00
119,15.0,290.48
119,20.0,277.45
119,25.0,267.76
119,30.0,256.60
119,35.0,254.34
119,40.0,252.36
119,45.0,251.43
119,50.0,253.33
120,0.0,0.00
120,5.0,0.00
120,10.0,0.00
120,15.0,291.43
120,20.0,278.30
120,25.0,268.57
120,30.0,257.36
120,35.0,255.09
120,40.0,253.09
120,45.0,252.14
120,50.0,254.04
121,0.0,0.00
121,5.0,0.00
121,10.0,0.00
121,15.0,292.38
121,20.0,279.15
121,25.0,269.39
121,30.0,258.11
121,35.0,255.85
121,40.0,253.82
121,45.0,252.86
121,50.0,254.74
122,0.0,0.00
122,5.0,0.00
122,10.0,0.00
122,15.0,293.33
122,20.0,280.00
122,25.0,270.20
122,30.0,258.87
122,35.0,256.60
122,40.0,254.55
122,45.0,253.57
122,50.0,255.44
123,0.0,0.00
123,5.0,0.00
123,10.0,0.00
123,15.0,294.29
123,20.0,280.87
123,25.0,271.02
123,30.0,259.62
123,35.0,257.36
123,40.0,255.27
123,45.0,254.29
123,50.0,256.14
124,0.0,0.00
124,5.0,0.00
124,10.0,0.00
124,15.0,295.24
124,20.0,281.74
124,25.0,271.84
124,30.0,260.38
124,35.0,258.11
124,40.0,256.00
124,45.0,255.00
124,50.0,256.84
125,0.0,0.00
125,5.0,0.00
125,10.0,0.00
125,15.0,296.19
125,20.0,282.61
125,25.0,272.65
125,30.0,261.13
125,35.0,258.87
125,40.0,256.73
125,45.0,255.71
125,50.0,257.54
126,0.0,0.00
126,5.0,0.00
126,10.0,0.00
126,15.0,297.14
126,20.0,283.48
126,25.0,273.47
126,30.0,261.89
126,35.0,259.62
126,40.0,257.45
126,45.0,256.43
126,50.0,258.25
127,0.0,0.00
127,5.0,0.00
127,10.0,0.00
127,15.0,298.10
127,20.0,284.35
127,25.0,274.29
127,30.0,262.64
127,35.0,260.38
127,40.0,258.18
127,45.0,257.14
127,50.0,258.95
128,0.0,0.00
128,5.0,0.00
128,10.0,0.00
128,15.0,299.05
128,20.0,285.22
128,25.0,275.10
128,30.0,263.40
128,35.0,261.13
128,40.0,258.91
128,45.0,257.86
128,50.0,259.65
129,0.0,0.00
129,5.0,0.00
129,10.0,0.00
129,15.0,300.00
129,20.0,286.09
129,25.0,275.92
129,30.0,264.15
129,35.0,261.89
129,40.0,259.64
129,45.0,258.57
129,50.0,260.35
130,0.0,0.00
130,5.0,0.00
130,10.0,0.00
130,15.0,300.95
130,20.0,286.96
130,25.0,276.73
130,30.0,264.91
130,35.0,262.64
130,40.0,260.36
130,45.0,259.29
130,50.0,261.05
131,0.0,0.00
131,5.0,0.00
131,10.0,0.00
131,15.0,301.90
131,20.0,287.83
131,25.0,277.55
131,30.0,265.66
131,35.0,263.40
131,40.0,261.09
131,45.0,260.00
131,50.0,261.75
132,0.0,0.00
132,5.0,0.00
132,10.0,0.00
132,15.0,302.86
132,20.0,288.70
132,25.0,278.37
132,30.0,266.42
132,35.0,264.15
132,40.0,261.82
132,45.0,260.71
132,50.0,262.46
133,0.0,0.00
133,5.0,0.00
133,10.0,0.00
133,15.0,303.81
133,20.0,289.57
133,25.0,279.18
133,30.0,267.17
133,35.0,264.91
133,40.0,262.55
133,45.0,261.43
133,50.0,263.16
134,0.0,0.00
134,5.0,0.00
134,10.0,0.00
134,15.0,304.76
134,20.0,290.43
134,25.0,280.00
134,30.0,267.92
134,35.0,265.66
134,40.0,263.27
134,45.0,262.14
134,50.0,263.86
135,0.0,0.00
135,5.0,0.00
135,10.0,0.00
135,15.0,305.71
135,20.0,291.30
135,25.0,280.73
135,30.0,268.68
135,35.0,266.42
135,40.0,264.00
135,45.0,262.86
135,50.0,264.56
136,0.0,0.00
136,5.0,0.00
136,10.0,0.00
136,15.0,306.67
136,20.0,292.17
136,25.0,281.45
136,30.0,269.43
136,35.0,267.17
136,40.0,264.73
136,45.0,263.57
136,50.0,265.26
137,0.0,0.00
137,5.0,0.00
137,10.0,0.00
137,15.0,307.62
137,20.0,293.04
137,25.0,282.18
137,30.0,270.19
137,35.0,267.92
137,40.0,265.45
137,45.0,264.29
137,50.0,265.96
138,0.0,0.00
138,5.0,0.00
138,10.0,0.00
138,15.0,308.57
138,20.0,293.91
138,25.0,282.91
138,30.0,270.94
138,35.0,268.68
138,40.0,266.18
138,45.0,265.00
138,50.0,266.67
139,0.0,0.00
139,5.0,0.00
139,10.0,0.00
139,15.0,309.52
139,20.0,294.78
139,25.0,283.64
139,30.0,271.70
139,35.0,269.43
139,40.0,266.91
139,45.0,265.71
139,50.0,267.37
140,0.0,0.00
140,5.0,0.00
140,10.0,0.00
140,15.0,310.48
140,20.0,295.65
140,25.0,284.36
140,30.0,272.45
140,35.0,270.19
140,40.0,267.64
140,45.0,266.43
140,50.0,268.07
141,0.0,0.00
141,5.0,0.00
141,10.0,0.00
141,15.0,311.43
141,20.0,296.52
141,25.0,285.09
141,30.0,273.21
141,35.0,270.94
141,40.0,268.36
141,45.0,267.14
141,50.0,268.77
142,0.0,0.00
142,5.0,0.00
142,10.0,0.00
142,15.0,312.38
142,20.0,297.39
142,25.0,285.82
142,30.0,273.96
142,35.0,271.70
142,40.0,269.09
142,45.0,267.86
142,50.0,269.47
143,0.0,0.00
143,5.0,0.00
143,10.0,0.00
143,15.0,313.33
143,20.0,298.26
143,25.0,286.55
143,30.0,274.72
143,35.0,272.45
143,40.0,269.82
143,45.0,268.57
143,50.0,270.18
144,0.0,0.00
144,5.0,0.00
144,10.0,0.00
144,15.0,314.29
144,20.0,299.13
144,25.0,287.27
144,30.0,275.47
144,35.0,273.21
144,40.0,270.55
144,45.0,269.29
144,50.0,270.88
145,0.0,0.00
145,5.0,0.00
145,10.0,0.00
145,15.0,315.24
145,20.0,300.00
145,25.0,288.00
145,30.0,276.23
145,35.0,273.96
145,40.0,271.27
145,45.0,270.00
145,50.0,271.58
146,0.0,0.00
146,5.0,0.00
146,10.0,0.00
146,15.0,0.00
146,20.0,300.87
146,25.0,288.73
146,30.0,276.98
146,35.0,274.72
146,40.0,272.00
146,45.0,270.71
146,50.0,272.28
147,0.0,0.00
147,5.0,0.00
147,10.0,0.00
147,15.0,0.00
147,20.0,301.74
147,25.0,289.45
147,30.0,277.74
147,35.0,275.47
147,40.0,272.73
147,45.0,271.43
147,50.0,272.98
148,0.0,0.00
148,5.0,0.00
148,10.0,0.00
148,15.0,0.00
148,20.0,302.61
148,25.0,290.18
148,30.0,278.49
148,35.0,276.23
148,40.0,273.45
148,45.0,272.14
148,50.0,273.68
149,0.0,0.00
149,5.0,0.00
149,10.0,0.00
149,15.0,0.00
149,20.0,303.48
149,25.0,290.91
149,30.0,279.25
149,35.0,276.98
149,40.0,274.18
149,45.0,272.86
149,50.0,274.39
150,0.0,0.00
150,5.0,0.00
150,10.0,0.00
150,15.0,0.00
150,20.0,304.35
150,25.0,291.64
150,30.0,280.00
150,35.0,277.74
150,40.0,274.91
150,45.0,273.57
150,50.0,275.09
151,0.0,0.00
151,5.0,0.00
151,10.0,0.00
151,15.0,0.00
151,20.0,305.22
151,25.0,292.36
151,30.0,280.77
151,35.0,278.49
151,40.0,275.64
151,45.0,274.29
151,50.0,275.79
152,0.0,0.00
152,5.0,0.00
152,10.0,0.00
152,15.0,0.00
152,20.0,306.09
152,25.0,293.09
152,30.0,281.54
152,35.0,279.25
152,40.0,276.36
152,45.0,275.00
152,50.0,276.49
153,0.0,0.00
153,5.0,0.00
153,10.0,0.00
153,15.0,0.00
153,20.0,306.96
153,25.0,293.82
153,30.0,282.31
153,35.0,280.00
153,40.0,277.09
153,45.0,275.71
153,50.0,277.19
154,0.0,0.00
154,5.0,0.00
154,10.0,0.00
154,15.0,0.00
154,20.0,307.83
154,25.0,294.55
154,30.0,283.08
154,35.0,280.69
154,40.0,277.82
154,45.0,276.43
154,50.0,277.89
155,0.0,0.00
155,5.0,0.00
155,10.0,0.00
155,15.0,0.00
155,20.0,308.70
155,25.0,295.27
155,30.0,283.85
155,35.0,281.38
155,40.0,278.55
155,45.0,277.14
155,50.0,278.60
156,0.0,0.00
156,5.0,0.00
156,10.0,0.00
156,15.0,0.00
156,20.0,309.57
156,25.0,296.00
156,30.0,284.62
156,35.0,282.07
156,40.0,279.27
156,45.0,277.86
156,50.0,279.30
157,0.0,0.00
157,5.0,0.00
157,10.0,0.00
157,15.0,0.00
157,20.0,310.43
157,25.0,296.73
157,30.0,285.38
157,35.0,282.76
157,40.0,280.00
157,45.0,278.57
157,50.0,280.00
158,0.0,0.00
158,5.0,0.00
158,10.0,0.00
158,15.0,0.00
158,20.0,311.30
158,25.0,297.45
158,30.0,286.15
158,35.0,283.45
158,40.0,280.65
158,45.0,279.29
158,50.0,280.65
159,0.0,0.00
159,5.0,0.00
159,10.0,0.00
159,15.0,0.00
159,20.0,312.17
159,25.0,298.18
159,30.0,286.92
159,35.0,284.14
159,40.0,281.29
159,45.0,280.00
159,50.0,281.29
160,0.0,0.00
160,5.0,0.00
160,10.0,0.00
160,15.0,0.00
160,20.0,313.04
160,25.0,298.91
160,30.0,287.69
160,35.0,284.83
160,40.0,281.94
160,45.0,280.66
160,50.0,281.94
161,0.0,0.00
161,5.0,0.00
161,10.0,0.00
161,15.0,0.00
161,20.0,313.91
161,25.0,299.64
161,30.0,288.46
161,35.0,285.52
161,40.0,282.58
161,45.0,281.31
161,50.0,282.58
162,0.0,0.00
162,5.0,0.00
162,10.0,0.00
162,15.0,0.00
162,20.0,314.78
162,25.0,300.36
162,30.0,289.23
162,35.0,286.21
162,40.0,283.23
162,45.0,281.97
162,50.0,283.23
163,0.0,0.00
163,5.0,0.00
163,10.0,0.00
163,15.0,0.00
163,20.0,315.65
163,25.0,301.09
163,30.0,290.00
163,35.0,286.90
163,40.0,283.87
163,45.0,282.62
163,50.0,283.87
164,0.0,0.00
164,5.0,0.00
164,10.0,0.00
164,15.0,0.00
164,20.0,316.52
164,25.0,301.82
164,30.0,290.77
164,35.0,287.59
164,40.0,284.52
164,45.0,283.28
164,50.0,284.52
165,0.0,0.00
165,5.0,0.00
165,10.0,0.00
165,15.0,0.00
165,20.0,317.39
165,25.0,302.55
165,30.0,291.54
165,35.0,288.28
165,40.0,285.16
165,45.0,283.93
165,50.0,285.16
166,0.0,0.00
166,5.0,0.00
166,10.0,0.00
166,15.0,0.00
166,20.0,318.26
166,25.0,303.27
166,30.0,292.31
166,35.0,288.97
166,40.0,285.81
166,45.0,284.59
166,50.0,285.81
167,0.0,0.00
167,5.0,0.00
167,10.0,0.00
167,15.0,0.00
167,20.0,319.13
167,25.0,304.00
167,30.0,293.08
167,35.0,289.66
167,40.0,286.45
167,45.0,285.25
167,50.0,286.45
168,0.0,0.00
168,5.0,0.00
168,10.0,0.00
168,15.0,0.00
168,20.0,320.00
168,25.0,304.73
168,30.0,293.85
168,35.0,290.34
168,40.0,287.10
168,45.0,285.90
168,50.0,287.10
169,0.0,0.00
169,5.0,0.00
169,10.0,0.00
169,15.0,0.00
169,20.0,321.05
169,25.0,305.45
169,30.0,294.62
169,35.0,291.03
169,40.0,287.74
169,45.0,286.56
169,50.0,287.74
170,0.0,0.00
170,5.0,0.00
170,10.0,0.00
170,15.0,0.00
170,20.0,322.11
170,25.0,306.18
170,30.0,295.38
170,35.0,291.72
170,40.0,288.39
170,45.0,287.21
170,50.0,288.39
171,0.0,0.00
171,5.0,0.00
171,10.0,0.00
171,15.0,0.00
171,20.0,323.16
171,25.0,306.91
171,30.0,296.15
171,35.0,292.41
171,40.0,289.03
171,45.0,287.87
171,50.0,289.03
172,0.0,0.00
172,5.0,0.00
172,10.0,0.00
172,15.0,0.00
172,20.0,324.21
172,25.0,307.64
172,30.0,296.92
172,35.0,293.10
172,40.0,289.68
172,45.0,288.52
172,50.0,289.68
173,0.0,0.00
173,5.0,0.00
173,10.0,0.00
173,15.0,0.00
173,20.0,325.26
173,25.0,308.36
173,30.0,297.69
173,35.0,293.79
173,40.0,290.32
173,45.0,289.18
173,50.0,290.32
174,0.0,0.00
174,5.0,0.00
174,10.0,0.00
174,15.0,0.00
174,20.0,326.32
174,25.0,309.09
174,30.0,298.46
174,35.0,294.48
174,40.0,290.97
174,45.0,289.84
174,50.0,290.97
175,0.0,0.00
175,5.0,0.00
175,10.0,0.00
175,15.0,0.00
175,20.0,327.37
175,25.0,309.82
175,30.0,299.23
175,35.0,295.17
175,40.0,291.61
175,45.0,290.49
175,50.0,291.61
176,0.0,0.00
176,5.0,0.00
176,10.0,0.00
176,15.0,0.00
176,20.0,328.42
176,25.0,310.55
176,30.0,300.00
176,35.0,295.86
176,40.0,292.26
176,45.0,291.15
176,50.0,292.26
177,0.0,0.00
177,5.0,0.00
177,10.0,0.00
177,15.0,0.00
177,20.0,0.00
177,25.0,311.27
177,30.0,300.77
177,35.0,296.55
177,40.0,292.90
177,45.0,291.80
177,50.0,292.90
178,0.0,0.00
178,5.0,0.00
178,10.0,0.00
178,15.0,0.00
178,20.0,0.00
178,25.0,312.00
178,30.0,301.54
178,35.0,297.24
178,40.0,293.55
178,45.0,292.46
178,50.0,293.55
179,0.0,0.00
179,5.0,0.00
179,10.0,0.00
179,15.0,0.00
179,20.0,0.00
179,25.0,312.73
179,30.0,302.31
179,35.0,297.93
179,40.0,294.19
179,45.0,293.11
179,50.0,294.19
180,0.0,0.00
180,5.0,0.00
180,10.0,0.00
180,15.0,0.00
180,20.0,0.00
180,25.0,313.45
180,30.0,303.08
180,35.0,298.62
180,40.0,294.84
180,45.0,293.77
180,50.0,294.84
181,0.0,0.00
181,5.0,0.00
181,10.0,0.00
181,15.0,0.00
181,20.0,0.00
181,25.0,314.18
181,30.0,303.85
181,35.0,299.31
181,40.0,295.48
181,45.0,294.43
181,50.0,295.48
182,0.0,0.00
182,5.0,0.00
182,10.0,0.00
182,15.0,0.00
182,20.0,0.00
182,25.0,314.91
182,30.0,304.62
182,35.0,300.00
182,40.0,296.13
182,45.0,295.08
182,50.0,296.13
183,0.0,0.00
183,5.0,0.00
183,10.0,0.00
183,15.0,0.00
183,20.0,0.00
183,25.0,315.64
183,30.0,305.38
183,35.0,300.69
183,40.0,296.77
183,45.0,295.74
183,50.0,296.77
184,0.0,0.00
184,5.0,0.00
184,10.0,0.00
184,15.0,0.00
184,20.0,0.00
184,25.0,316.36
184,30.0,306.15
184,35.0,301.38
184,40.0,297.42
184,45.0,296.39
184,50.0,297.42
185,0.0,0.00
185,5.0,0.00
185,10.0,0.00
185,15.0,0.00
185,20.0,0.00
185,25.0,317.09
185,30.0,306.92
185,35.0,302.07
185,40.0,298.06
185,45.0,297.05
185,50.0,298.06
186,0.0,0.00
186,5.0,0.00
186,10.0,0.00
186,15.0,0.00
186,20.0,0.00
186,25.0,317.82
186,30.0,307.69
186,35.0,302.76
186,40.0,298.71
186,45.0,297.70
186,50.0,298.71
187,0.0,0.00
187,5.0,0.00
187,10.0,0.00
187,15.0,0.00
187,20.0,0.00
187,25.0,318.55
187,30.0,308.46
187,35.0,303.45
187,40.0,299.35
187,45.0,298.36
187,50.0,299.35
188,0.0,0.00
188,5.0,0.00
188,10.0,0.00
188,15.0,0.00
188,20.0,0.00
188,25.0,319.27
188,30.0,309.23
188,35.0,304.14
188,40.0,300.00
188,45.0,299.02
188,50.0,300.00
189,0.0,0.00
189,5.0,0.00
189,10.0,0.00
189,15.0,0.00
189,20.0,0.00
189,25.0,320.00
189,30.0,310.00
189,35.0,304.83
189,40.0,300.65
189,45.0,299.67
189,50.0,300.65
190,0.0,0.00
190,5.0,0.00
190,10.0,0.00
190,15.0,0.00
190,20.0,0.00
190,25.0,320.93
190,30.0,310.77
190,35.0,305.52
190,40.0,301.29
190,45.0,300.33
190,50.0,301.29
191,0.0,0.00
191,5.0,0.00
191,10.0,0.00
191,15.0,0.00
191,20.0,0.00
191,25.0,321.86
191,30.0,311.54
191,35.0,306.21
191,40.0,301.94
191,45.0,300.98
191,50.0,301.94
192,0.0,0.00
192,5.0,0.00
192,10.0,0.00
192,15.0,0.00
192,20.0,0.00
192,25.0,322.79
192,30.0,312.31
192,35.0,306.90
192,40.0,302.58
192,45.0,301.64
192,50.0,302.58
193,0.0,0.00
193,5.0,0.00
193,10.0,0.00
193,15.0,0.00
193,20.0,0.00
193,25.0,323.72
193,30.0,313.08
193,35.0,307.59
193,40.0,303.23
193,45.0,302.30
193,50.0,303.23
194,0.0,0.00
194,5.0,0.00
194,10.0,0.00
194,15.0,0.00
194,20.0,0.00
194,25.0,324.65
194,30.0,313.85
194,35.0,308.28
194,40.0,303.87
194,45.0,302.95
194,50.0,303.87
195,0.0,0.00
195,5.0,0.00
195,10.0,0.00
195,15.0,0.00
195,20.0,0.00
195,25.0,325.58
195,30.0,314.62
195,35.0,308.97
195,40.0,304.52
195,45.0,303.61
195,50.0,304.52
196,0.0,0.00
196,5.0,0.00
196,10.0,0.00
196,15.0,0.00
196,20.0,0.00
196,25.0,326.51
196,30.0,315.38
196,35.0,309.66
196,40.0,305.16
196,45.0,304.26
196,50.0,305.16
197,0.0,0.00
197,5.0,0.00
197,10.0,0.00
197,15.0,0.00
197,20.0,0.00
197,25.0,327.44
197,30.0,316.15
197,35.0,310.34
197,40.0,305.81
197,45.0,304.92
197,50.0,305.81
198,0.0,0.00
198,5.0,0.00
198,10.0,0.00
198,15.0,0.00
198,20.0,0.00
198,25.0,328.37
198,30.0,316.92
198,35.0,311.03
198,40.0,306.45
198,45.0,305.57
198,50.0,306.45
199,0.0,0.00
199,5.0,0.00
199,10.0,0.00
199,15.0,0.00
199,20.0,0.00
199,25.0,329.30
199,30.0,317.69
199,35.0,311.72
199,40.0,307.10
199,45.0,306.23
199,50.0,307.10
200,0.0,0.00
200,5.0,0.00
200,10.0,0.00
200,15.0,0.00
200,20.0,0.00
200,25.0,330.23
200,30.0,318.46
200,35.0,312.41
200,40.0,307.74
200,45.0,306.89
200,50.0,307.74
201,0.0,0.00
201,5.0,0.00
201,10.0,0.00
201,15.0,0.00
201,20.0,0.00
201,25.0,331.16
201,30.0,319.23
201,35.0,313.10
201,40.0,308.39
201,45.0,307.54
201,50.0,308.39
202,0.0,0.00
202,5.0,0.00
202,10.0,0.00
202,15.0,0.00
202,20.0,0.00
202,25.0,332.09
202,30.0,320.00
202,35.0,313.79
202,40.0,309.03
202,45.0,308.20
202,50.0,309.03
203,0.0,0.00
203,5.0,0.00
203,10.0,0.00
203,15.0,0.00
203,20.0,0.00
203,25.0,333.02
203,30.0,320.89
203,35.0,314.48
203,40.0,309.68
203,45.0,308.85
203,50.0,309.68
204,0.0,0.00
204,5.0,0.00
204,10.0,0.00
204,15.0,0.00
204,20.0,0.00
204,25.0,333.95
204,30.0,321.78
204,35.0,315.17
204,40.0,310.32
204,45.0,309.51
204,50.0,310.32
205,0.0,0.00
205,5.0,0.00
205,10.0,0.00
205,15.0,0.00
205,20.0,0.00
205,25.0,334.88
205,30.0,322.67
205,35.0,315.86
205,40.0,310.97
205,45.0,310.16
205,50.0,310.97
206,0.0,0.00
206,5.0,0.00
206,10.0,0.00
206,15.0,0.00
206,20.0,0.00
206,25.0,335.81
206,30.0,323.56
206,35.0,316.55
206,40.0,311.61
206,45.0,310.82
206,50.0,311.61
207,0.0,0.00
207,5.0,0.00
207,10.0,0.00
207,15.0,0.00
207,20.0,0.00
207,25.0,336.74
207,30.0,324.44
207,35.0,317.24
207,40.0,312.26
207,45.0,311.48
207,50.0,312.26
208,0.0,0.00
208,5.0,0.00
208,10.0,0.00
208,15.0,0.00
208,20.0,0.00
208,25.0,337.67
208,30.0,325.33
208,35.0,317.93
208,40.0,312.90
208,45.0,312.13
208,50.0,312.90
209,0.0,0.00
209,5.0,0.00
209,10.0,0.00
209,15.0,0.00
209,20.0,0.00
209,25.0,338.60
209,30.0,326.22
209,35.0,318.62
209,40.0,313.55
209,45.0,312.79
209,50.0,313.55
210,0.0,0.00
210,5.0,0.00
210,10.0,0.00
210,15.0,0.00
210,20.0,0.00
210,25.0,339.53
210,30.0,327.11
210,35.0,319.31
210,40.0,314.19
210,45.0,313.44
210,50.0,314.19
211,0.0,0.00
211,5.0,0.00
211,10.0,0.00
211,15.0,0.00
211,20.0,0.00
211,25.0,340.47
211,30.0,328.00
211,35.0,320.00
211,40.0,314.84
211,45.0,314.10
211,50.0,314.84
212,0.0,0.00
212,5.0,0.00
212,10.0,0.00
212,15.0,0.00
212,20.0,0.00
212,25.0,341.40
212,30.0,328.89
212,35.0,320.73
212,40.0,315.48
212,45.0,314.75
212,50.0,315.48
213,0.0,0.00
213,5.0,0.00
213,10.0,0.00
213,15.0,0.00
213,20.0,0.00
213,25.0,342.33
213,30.0,329.78
213,35.0,321.45
213,40.0,316.13
213,45.0,315.41
213,50.0,316.13
214,0.0,0.00
214,5.0,0.00
214,10.0,0.00
214,15.0,0.00
214,20.0,0.00
214,25.0,343.26
214,30.0,330.67
214,35.0,322.18
214,40.0,316.77
214,45.0,316.07
214,50.0,316.77
215,0.0,0.00
215,5.0,0.00
215,10.0,0.00
215,15.0,0.00
215,20.0,0.00
215,25.0,344.19
215,30.0,331.56
215,35.0,322.91
215,40.0,317.42
215,45.0,316.72
215,50.0,317.42
216,0.0,0.00
216,5.0,0.00
216,10.0,0.00
216,15.0,0.00
216,20.0,0.00
216,25.0,345.12
216,30.0,332.44
216,35.0,323.64
216,40.0,318.06
216,45.0,317.38
216,50.0,318.06
217,0.0,0.00
217,5.0,0.00
217,10.0,0.00
217,15.0,0.00
217,20.0,0.00
217,25.0,346.05
217,30.0,333.33
217,35.0,324.36
217,40.0,318.71
217,45.0,318.03
217,50.0,318.71
218,0.0,0.00
218,5.0,0.00
218,10.0,0.00
218,15.0,0.00
218,20.0,0.00
218,25.0,346.98
218,30.0,334.22
218,35.0,325.09
218,40.0,319.35
218,45.0,318.69
218,50.0,319.35
219,0.0,0.00
219,5.0,0.00
219,10.0,0.00
219,15.0,0.00
219,20.0,0.00
219,25.0,347.91
219,30.0,335.11
219,35.0,325.82
219,40.0,320.00
219,45.0,319.34
219,50.0,320.00
220,0.0,0.00
220,5.0,0.00
220,10.0,0.00
220,15.0,0.00
220,20.0,0.00
220,25.0,348.84
220,30.0,336.00
220,35.0,326.55
220,40.0,320.71
220,45.0,320.00
220,50.0,320.71
221,0.0,0.00
221,5.0,0.00
221,10.0,0.00
221,15.0,0.00
221,20.0,0.00
221,25.0,349.77
221,30.0,336.89
221,35.0,327.27
221,40.0,321.43
221,45.0,320.74
221,50.0,321.43
222,0.0,0.00
222,5.0,0.00
222,10.0,0.00
222,15.0,0.00
222,20.0,0.00
222,25.0,350.70
222,30.0,337.78
222,35.0,328.00
222,40.0,322.14
222,45.0,321.48
222,50.0,322.14
223,0.0,0.00
223,5.0,0.00
223,10.0,0.00
223,15.0,0.00
223,20.0,0.00
223,25.0,351.63
223,30.0,338.67
223,35.0,328.73
223,40.0,322.86
223,45.0,322.22
223,50.0,322.86
224,0.0,0.00
224,5.0,0.00
224,10.0,0.00
224,15.0,0.00
224,20.0,0.00
224,25.0,352.56
224,30.0,339.56
224,35.0,329.45
224,40.0,323.57
224,45.0,322.96
224,50.0,323.57
225,0.0,0.00
225,5.0,0.00
225,10.0,0.00
225,15.0,0.00
225,20.0,0.00
225,25.0,353.49
225,30.0,340.44
225,35.0,330.18
225,40.0,324.29
225,45.0,323.70
225,50.0,324.29
226,0.0,0.00
226,5.0,0.00
226,10.0,0.00
226,15.0,0.00
226,20.0,0.00
226,25.0,354.42
226,30.0,341.33
226,35.0,330.91
226,40.0,325.00
226,45.0,324.44
226,50.0,325.00
227,0.0,0.00
227,5.0,0.00
227,10.0,0.00
227,15.0,0.00
227,20.0,0.00
227,25.0,355.35
227,30.0,342.22
227,35.0,331.64
227,40.0,325.71
227,45.0,325.19
227,50.0,325.71
228,0.0,0.00
228,5.0,0.00
228,10.0,0.00
228,15.0,0.00
228,20.0,0.00
228,25.0,356.28
228,30.0,343.11
228,35.0,332.36
228,40.0,326.43
228,45.0,325.93
228,50.0,326.43
229,0.0,0.00
229,5.0,0.00
229,10.0,0.00
229,15.0,0.00
229,20.0,0.00
229,25.0,357.21
229,30.0,344.00
229,35.0,333.09
229,40.0,327.14
229,45.0,326.67
229,50.0,327.14
230,0.0,0.00
230,5.0,0.00
230,10.0,0.00
230,15.0,0.00
230,20.0,0.00
230,25.0,358.14
230,30.0,344.89
230,35.0,333.82
230,40.0,327.86
230,45.0,327.41
230,50.0,327.86
231,0.0,0.00
231,5.0,0.00
231,10.0,0.00
231,15.0,0.00
231,20.0,0.00
231,25.0,359.07
231,30.0,345.78
231,35.0,334.55
231,40.0,328.57
231,45.0,328.15
231,50.0,328.57
232,0.0,0.00
232,5.0,0.00
232,10.0,0.00
232,15.0,0.00
232,20.0,0.00
232,25.0,360.00
232,30.0,346.67
232,35.0,335.27
232,40.0,329.29
232,45.0,328.89
232,50.0,329.29
233,0.0,0.00
233,5.0,0.00
233,10.0,0.00
233,15.0,0.00
233,20.0,0.00
233,25.0,361.54
233,30.0,347.56
233,35.0,336.00
233,40.0,330.00
233,45.0,329.63
233,50.0,330.00
234,0.0,0.00
234,5.0,0.00
234,10.0,0.00
234,15.0,0.00
234,20.0,0.00
234,25.0,363.08
234,30.0,348.44
234,35.0,336.73
234,40.0,330.71
234,45.0,330.37
234,50.0,330.71
235,0.0,0.00
235,5.0,0.00
235,10.0,0.00
235,15.0,0.00
235,20.0,0.00
235,25.0,364.62
235,30.0,349.33
235,35.0,337.45
235,40.0,331.43
235,45.0,331.11
235,50.0,331.43
236,0.0,0.00
236,5.0,0.00
236,10.0,0.00
236,15.0,0.00
236,20.0,0.00
236,25.0,0.00
236,30.0,350.22
236,35.0,338.18
236,40.0,332.14
236,45.0,331.85
236,50.0,332.14
237,0.0,0.00
237,5.0,0.00
237,10.0,0.00
237,15.0,0.00
237,20.0,0.00
237,25.0,0.00
237,30.0,351.11
237,35.0,338.91
237,40.0,332.86
237,45.0,332.59
237,50.0,332.86
238,0.0,0.00
238,5.0,0.00
238,10.0,0.00
238,15.0,0.00
238,20.0,0.00
238,25.0,0.00
238,30.0,352.00
238,35.0,339.64
238,40.0,333.57
238,45.0,333.33
238,50.0,333.57
239,0.0,0.00
239,5.0,0.00
239,10.0,0.00
239,15.0,0.00
239,20.0,0.00
239,25.0,0.00
239,30.0,352.89
239,35.0,340.36
239,40.0,334.29
239,45.0,334.07
239,50.0,334.29
240,0.0,0.00
240,5.0,0.00
240,10.0,0.00
240,15.0,0.00
240,20.0,0.00
240,25.0,0.00
240,30.0,353.78
240,35.0,341.09
240,40.0,335.00
240,45.0,334.81
240,50.0,335.00
241,0.0,0.00
241,5.0,0.00
241,10.0,0.00
241,15.0,0.00
241,20.0,0.00
241,25.0,0.00
241,30.0,354.67
241,35.0,341.82
241,40.0,335.71
241,45.0,335.56
241,50.0,335.71
242,0.0,0.00
242,5.0,0.00
242,10.0,0.00
242,15.0,0.00
242,20.0,0.00
242,25.0,0.00
242,30.0,355.56
242,35.0,342.55
242,40.0,336.43
242,45.0,336.30
242,50.0,336.43
243,0.0,0.00
243,5.0,0.00
243,10.0,0.00
243,15.0,0.00
243,20.0,0.00
243,25.0,0.00
243,30.0,356.44
243,35.0,343.27
243,40.0,337.14
243,45.0,337.04
243,50.0,337.14
244,0.0,0.00
244,5.0,0.00
244,10.0,0.00
244,15.0,0.00
244,20.0,0.00
244,25.0,0.00
244,30.0,357.33
244,35.0,344.00
244,40.0,337.86
244,45.0,337.78
244,50.0,337.86
245,0.0,0.00
245,5.0,0.00
245,10.0,0.00
245,15.0,0.00
245,20.0,0.00
245,25.0,0.00
245,30.0,358.22
245,35.0,344.73
245,40.0,338.57
245,45.0,338.52
245,50.0,338.57
246,0.0,0.00
246,5.0,0.00
246,10.0,0.00
246,15.0,0.00
246,20.0,0.00
246,25.0,0.00
246,30.0,359.11
246,35.0,345.45
246,40.0,339.29
246,45.0,339.26
246,50.0,339.29
247,0.0,0.00
247,5.0,0.00
247,10.0,0.00
247,15.0,0.00
247,20.0,0.00
247,25.0,0.00
247,30.0,360.00
247,35.0,346.18
247,40.0,340.00
247,45.0,340.00
247,50.0,340.00
248,0.0,0.00
248,5.0,0.00
248,10.0,0.00
248,15.0,0.00
248,20.0,0.00
248,25.0,0.00
248,30.0,361.08
248,35.0,346.91
248,40.0,340.71
248,45.0,340.74
248,50.0,340.71
249,0.0,0.00
249,5.0,0.00
249,10.0,0.00
249,15.0,0.00
249,20.0,0.00
249,25.0,0.00
249,30.0,362.16
249,35.0,347.64
249,40.0,341.43
249,45.0,341.48
249,50.0,341.43
250,0.0,0.00
250,5.0,0.00
250,10.0,0.00
250,15.0,0.00
250,20.0,0.00
250,25.0,0.00
250,30.0,363.24
250,35.0,348.36
250,40.0,342.14
250,45.0,342.22
250,50.0,342.14
251,0.0,0.00
251,5.0,0.00
251,10.0,0.00
251,15.0,0.00
251,20.0,0.00
251,25.0,0.00
251,30.0,364.32
251,35.0,349.09
251,40.0,342.86
251,45.0,342.96
251,50.0,342.86
252,0.0,0.00
252,5.0,0.00
252,10.0,0.00
252,15.0,0.00
252,20.0,0.00
252,25.0,0.00
252,30.0,365.41
252,35.0,349.82
252,40.0,343.57
252,45.0,343.70
252,50.0,343.57
253,0.0,0.00
253,5.0,0.00
253,10.0,0.00
253,15.0,0.00
253,20.0,0.00
253,25.0,0.00
253,30.0,366.49
253,35.0,350.55
253,40.0,344.29
253,45.0,344.44
253,50.0,344.29
254,0.0,0.00
254,5.0,0.00
254,10.0,0.00
254,15.0,0.00
254,20.0,0.00
254,25.0,0.00
254,30.0,367.57
254,35.0,351.27
254,40.0,345.00
254,45.0,345.19
254,50.0,345.00
255,0.0,0.00
255,5.0,0.00
255,10.0,0.00
255,15.0,0.00
255,20.0,0.00
255,25.0,0.00
255,30.0,368.65
255,35.0,352.00
255,40.0,345.71
255,45.0,345.93
255,50.0,345.71
256,0.0,0.00
256,5.0,0.00
256,10.0,0.00
256,15.0,0.00
256,20.0,0.00
256,25.0,0.00
256,30.0,369.73
256,35.0,352.73
256,40.0,346.43
256,45.0,346.67
256,50.0,346.43
257,0.0,0.00
257,5.0,0.00
257,10.0,0.00
257,15.0,0.00
257,20.0,0.00
257,25.0,0.00
257,30.0,370.81
257,35.0,353.45
257,40.0,347.14
257,45.0,347.41
257,50.0,347.14
258,0.0,0.00
258,5.0,0.00
258,10.0,0.00
258,15.0,0.00
258,20.0,0.00
258,25.0,0.00
258,30.0,371.89
258,35.0,354.18
258,40.0,347.86
258,45.0,348.15
258,50.0,347.86
259,0.0,0.00
259,5.0,0.00
259,10.0,0.00
259,15.0,0.00
259,20.0,0.00
259,25.0,0.00
259,30.0,372.97
259,35.0,354.91
259,40.0,348.57
259,45.0,348.89
259,50.0,348.57
260,0.0,0.00
260,5.0,0.00
260,10.0,0.00
260,15.0,0.00
260,20.0,0.00
260,25.0,0.00
260,30.0,374.05
260,35.0,355.64
260,40.0,349.29
260,45.0,349.63
260,50.0,349.29
261,0.0,0.00
261,5.0,0.00
261,10.0,0.00
261,15.0,0.00
261,20.0,0.00
261,25.0,0.00
261,30.0,375.14
261,35.0,356.36
261,40.0,350.00
261,45.0,350.37
261,50.0,350.00
262,0.0,0.00
262,5.0,0.00
262,10.0,0.00
262,15.0,0.00
262,20.0,0.00
262,25.0,0.00
262,30.0,376.22
262,35.0,357.09
262,40.0,350.71
262,45.0,351.11
262,50.0,350.71
263,0.0,0.00
263,5.0,0.00
263,10.0,0.00
263,15.0,0.00
263,20.0,0.00
263,25.0,0.00
263,30.0,377.30
263,35.0,357.82
263,40.0,351.43
263,45.0,351.85
263,50.0,351.43
264,0.0,0.00
264,5.0,0.00
264,10.0,0.00
264,15.0,0.00
264,20.0,0.00
264,25.0,0.00
264,30.0,378.38
264,35.0,358.55
264,40.0,352.14
264,45.0,352.59
264,50.0,352.14
265,0.0,0.00
265,5.0,0.00
265,10.0,0.00
265,15.0,0.00
265,20.0,0.00
265,25.0,0.00
265,30.0,379.46
265,35.0,359.27
265,40.0,352.86
265,45.0,353.33
265,50.0,352.86
266,0.0,0.00
266,5.0,0.00
266,10.0,0.00
266,15.0,0.00
266,20.0,0.00
266,25.0,0.00
266,30.0,380.54
266,35.0,360.00
266,40.0,353.57
266,45.0,354.07
266,50.0,353.57
267,0.0,0.00
267,5.0,0.00
267,10.0,0.00
267,15.0,0.00
267,20.0,0.00
267,25.0,0.00
267,30.0,381.62
267,35.0,360.93
267,40.0,354.29
267,45.0,354.81
267,50.0,354.29
268,0.0,0.00
268,5.0,0.00
268,10.0,0.00
268,15.0,0.00
268,20.0,0.00
268,25.0,0.00
268,30.0,382.70
268,35.0,361.86
268,40.0,355.00
268,45.0,355.56
268,50.0,355.00
269,0.0,0.00
269,5.0,0.00
269,10.0,0.00
269,15.0,0.00
269,20.0,0.00
269,25.0,0.00
269,30.0,383.78
269,35.0,362.79
269,40.0,355.71
269,45.0,356.30
269,50.0,355.71
270,0.0,0.00
270,5.0,0.00
270,10.0,0.00
270,15.0,0.00
270,20.0,0.00
270,25.0,0.00
270,30.0,384.86
270,35.0,363.72
270,40.0,356.43
270,45.0,357.04
270,50.0,356.43
271,0.0,0.00
271,5.0,0.00
271,10.0,0.00
271,15.0,0.00
271,20.0,0.00
271,25.0,0.00
271,30.0,385.95
271,35.0,364.65
271,40.0,357.14
271,45.0,357.78
271,50.0,357.14
272,0.0,0.00
272,5.0,0.00
272,10.0,0.00
272,15.0,0.00
272,20.0,0.00
272,25.0,0.00
272,30.0,387.03
272,35.0,365.58
272,40.0,357.86
272,45.0,358.52
272,50.0,357.86
273,0.0,0.00
273,5.0,0.00
273,10.0,0.00
273,15.0,0.00
273,20.0,0.00
273,25.0,0.00
273,30.0,388.11
273,35.0,366.51
273,40.0,358.57
273,45.0,359.26
273,50.0,358.57
274,0.0,0.00
274,5.0,0.00
274,10.0,0.00
274,15.0,0.00
274,20.0,0.00
274,25.0,0.00
274,30.0,389.19
274,35.0,367.44
274,40.0,359.29
274,45.0,360.00
274,50.0,359.29
275,0.0,0.00
275,5.0,0.00
275,10.0,0.00
275,15.0,0.00
275,20.0,0.00
275,25.0,0.00
275,30.0,390.27
275,35.0,368.37
275,40.0,360.00
275,45.0,360.82
275,50.0,360.00
276,0.0,0.00
276,5.0,0.00
276,10.0,0.00
276,15.0,0.00
276,20.0,0.00
276,25.0,0.00
276,30.0,391.35
276,35.0,369.30
276,40.0,361.00
276,45.0,361.63
276,50.0,360.87
277,0.0,0.00
277,5.0,0.00
277,10.0,0.00
277,15.0,0.00
277,20.0,0.00
277,25.0,0.00
277,30.0,392.43
277,35.0,370.23
277,40.0,362.00
277,45.0,362.45
277,50.0,361.74
278,0.0,0.00
278,5.0,0.00
278,10.0,0.00
278,15.0,0.00
278,20.0,0.00
278,25.0,0.00
278,30.0,393.51
278,35.0,371.16
278,40.0,363.00
278,45.0,363.27
278,50.0,362.61
279,0.0,0.00
279,5.0,0.00
279,10.0,0.00
279,15.0,0.00
279,20.0,0.00
279,25.0,0.00
279,30.0,394.59
279,35.0,372.09
279,40.0,364.00
279,45.0,364.08
279,50.0,363.48
280,0.0,0.00
280,5.0,0.00
280,10.0,0.00
280,15.0,0.00
280,20.0,0.00
280,25.0,0.00
280,30.0,395.68
280,35.0,373.02
280,40.0,365.00
280,45.0,364.90
280,50.0,364.35
281,0.0,0.00
281,5.0,0.00
281,10.0,0.00
281,15.0,0.00
281,20.0,0.00
281,25.0,0.00
281,30.0,396.76
281,35.0,373.95
281,40.0,366.00
281,45.0,365.71
281,50.0,365.22
282,0.0,0.00
282,5.0,0.00
282,10.0,0.00
282,15.0,0.00
282,20.0,0.00
282,25.0,0.00
282,30.0,397.84
282,35.0,374.88
282,40.0,367.00
282,45.0,366.53
282,50.0,366.09
283,0.0,0.00
283,5.0,0.00
283,10.0,0.00
283,15.0,0.00
283,20.0,0.00
283,25.0,0.00
283,30.0,398.92
283,35.0,375.81
283,40.0,368.00
283,45.0,367.35
283,50.0,366.96
284,0.0,0.00
284,5.0,0.00
284,10.0,0.00
284,15.0,0.00
284,20.0,0.00
284,25.0,0.00
284,30.0,400.00
284,35.0,376.74
284,40.0,369.00
284,45.0,368.16
284,50.0,367.83
285,0.0,0.00
285,5.0,0.00
285,10.0,0.00
285,15.0,0.00
285,20.0,0.00
285,25.0,0.00
285,30.0,401.33
285,35.0,377.67
285,40.0,370.00
285,45.0,368.98
285,50.0,368.70
286,0.0,0.00
286,5.0,0.00
286,10.0,0.00
286,15.0,0.00
286,20.0,0.00
286,25.0,0.00
286,30.0,402.67
286,35.0,378.60
286,40.0,371.00
286,45.0,369.80
286,50.0,369.57
287,0.0,0.00
287,5.0,0.00
287,10.0,0.00
287,15.0,0.00
287,20.0,0.00
287,25.0,0.00
287,30.0,404.00
287,35.0,379.53
287,40.0,372.00
287,45.0,370.61
287,50.0,370.43
288,0.0,0.00
288,5.0,0.00
288,10.0,0.00
288,15.0,0.00
288,20.0,0.00
288,25.0,0.00
288,30.0,405.33
288,35.0,380.47
288,40.0,373.00
288,45.0,371.43
288,50.0,371.30
289,0.0,0.00
289,5.0,0.00
289,10.0,0.00
289,15.0,0.00
289,20.0,0.00
289,25.0,0.00
289,30.0,406.67
289,35.0,381.40
289,40.0,374.00
289,45.0,372.24
289,50.0,372.17
290,0.0,0.00
290,5.0,0.00
290,10.0,0.00
290,15.0,0.00
290,20.0,0.00
290,25.0,0.00
290,30.0,408.00
290,35.0,382.33
290,40.0,375.00
290,45.0,373.06
290,50.0,373.04
291,0.0,0.00
291,5.0,0.00
291,10.0,0.00
291,15.0,0.00
291,20.0,0.00
291,25.0,0.00
291,30.0,0.00
291,35.0,383.26
291,40.0,376.00
291,45.0,373.88
291,50.0,373.91
292,0.0,0.00
292,5.0,0.00
292,10.0,0.00
292,15.0,0.00
292,20.0,0.00
292,25.0,0.00
292,30.0,0.00
292,35.0,384.19
292,40.0,377.00
292,45.0,374.69
292,50.0,374.78
293,0.0,0.00
293,5.0,0.00
293,10.0,0.00
293,15.0,0.00
293,20.0,0.00
293,25.0,0.00
293,30.0,0.00
293,35.0,385.12
293,40.0,378.00
293,45.0,375.51
293,50.0,375.65
294,0.0,0.00
294,5.0,0.00
294,10.0,0.00
294,15.0,0.00
294,20.0,0.00
294,25.0,0.00
294,30.0,0.00
294,35.0,386.05
294,40.0,379.00
294,45.0,376.33
294,50.0,376.52
295,0.0,0.00
295,5.0,0.00
295,10.0,0.00
295,15.0,0.00
295,20.0,0.00
295,25.0,0.00
295,30.0,0.00
295,35.0,386.98
295,40.0,380.00
295,45.0,377.14
295,50.0,377.39
296,0.0,0.00
296,5.0,0.00
296,10.0,0.00
296,15.0,0.00
296,20.0,0.00
296,25.0,0.00
296,30.0,0.00
296,35.0,387.91
296,40.0,381.00
296,45.0,377.96
296,50.0,378.26
297,0.0,0.00
297,5.0,0.00
297,10.0,0.00
297,15.0,0.00
297,20.0,0.00
297,25.0,0.00
297,30.0,0.00
297,35.0,388.84
297,40.0,382.00
297,45.0,378.78
297,50.0,379.13
298,0.0,0.00
298,5.0,0.00
298,10.0,0.00
298,15.0,0.00
298,20.0,0.00
298,25.0,0.00
298,30.0,0.00
298,35.0,389.77
298,40.0,383.00
298,45.0,379.59
298,50.0,380.00
299,0.0,0.00
299,5.0,0.00
299,10.0,0.00
299,15.0,0.00
299,20.0,0.00
299,25.0,0.00
299,30.0,0.00
299,35.0,390.70
299,40.0,384.00
299,45.0,380.41
299,50.0,380.87
300,0.0,0.00
300,5.0,0.00
300,10.0,0.00
300,15.0,0.00
300,20.0,0.00
300,25.0,0.00
300,30.0,0.00
300,35.0,391.63
300,40.0,385.00
300,45.0,381.22
300,50.0,381.74
301,0.0,0.00
301,5.0,0.00
301,10.0,0.00
301,15.0,0.00
301,20.0,0.00
301,25.0,0.00
301,30.0,0.00
301,35.0,392.56
301,40.0,386.00
301,45.0,382.04
301,50.0,382.61
302,0.0,0.00
302,5.0,0.00
302,10.0,0.00
302,15.0,0.00
302,20.0,0.00
302,25.0,0.00
302,30.0,0.00
302,35.0,393.49
302,40.0,387.00
302,45.0,382.86
302,50.0,383.48
303,0.0,0.00
303,5.0,0.00
303,10.0,0.00
303,15.0,0.00
303,20.0,0.00
303,25.0,0.00
303,30.0,0.00
303,35.0,394.42
303,40.0,388.00
303,45.0,383.67
303,50.0,384.35
304,0.0,0.00
304,5.0,0.00
304,10.0,0.00
304,15.0,0.00
304,20.0,0.00
304,25.0,0.00
304,30.0,0.00
304,35.0,395.35
304,40.0,389.00
304,45.0,384.49
304,50.0,385.22
305,0.0,0.00
305,5.0,0.00
305,10.0,0.00
305,15.0,0.00
305,20.0,0.00
305,25.0,0.00
305,30.0,0.00
305,35.0,396.28
305,40.0,390.00
305,45.0,385.31
305,50.0,386.09
306,0.0,0.00
306,5.0,0.00
306,10.0,0.00
306,15.0,0.00
306,20.0,0.00
306,25.0,0.00
306,30.0,0.00
306,35.0,397.21
306,40.0,391.00
306,45.0,386.12
306,50.0,386.96
307,0.0,0.00
307,5.0,0.00
307,10.0,0.00
307,15.0,0.00
307,20.0,0.00
307,25.0,0.00
307,30.0,0.00
307,35.0,398.14
307,40.0,392.00
307,45.0,386.94
307,50.0,387.83
308,0.0,0.00
308,5.0,0.00
308,10.0,0.00
308,15.0,0.00
308,20.0,0.00
308,25.0,0.00
308,30.0,0.00
308,35.0,399.07
308,40.0,393.00
308,45.0,387.76
308,50.0,388.70
309,0.0,0.00
309,5.0,0.00
309,10.0,0.00
309,15.0,0.00
309,20.0,0.00
309,25.0,0.00
309,30.0,0.00
309,35.0,400.00
309,40.0,394.00
309,45.0,388.57
309,50.0,389.57
310,0.0,0.00
310,5.0,0.00
310,10.0,0.00
310,15.0,0.00
310,20.0,0.00
310,25.0,0.00
310,30.0,0.00
310,35.0,401.60
310,40.0,395.00
310,45.0,389.39
310,50.0,390.43
311,0.0,0.00
311,5.0,0.00
311,10.0,0.00
311,15.0,0.00
311,20.0,0.00
311,25.0,0.00
311,30.0,0.00
311,35.0,403.20
311,40.0,396.00
311,45.0,390.20
311,50.0,391.30
312,0.0,0.00
312,5.0,0.00
312,10.0,0.00
312,15.0,0.00
312,20.0,0.00
312,25.0,0.00
312,30.0,0.00
312,35.0,404.80
312,40.0,397.00
312,45.0,391.02
312,50.0,392.17
313,0.0,0.00
313,5.0,0.00
313,10.0,0.00
313,15.0,0.00
313,20.0,0.00
313,25.0,0.00
313,30.0,0.00
313,35.0,406.40
313,40.0,398.00
313,45.0,391.84
313,50.0,393.04
314,0.0,0.00
314,5.0,0.00
314,10.0,0.00
314,15.0,0.00
314,20.0,0.00
314,25.0,0.00
314,30.0,0.00
314,35.0,408.00
314,40.0,399.00
314,45.0,392.65
314,50.0,393.91
315,0.0,0.00
315,5.0,0.00
315,10.0,0.00
315,15.0,0.00
315,20.0,0.00
315,25.0,0.00
315,30.0,0.00
315,35.0,409.60
315,40.0,400.00
315,45.0,393.47
315,50.0,394.78
316,0.0,0.00
316,5.0,0.00
316,10.0,0.00
316,15.0,0.00
316,20.0,0.00
316,25.0,0.00
316,30.0,0.00
316,35.0,411.20
316,40.0,401.05
316,45.0,394.29
316,50.0,395.65
317,0.0,0.00
317,5.0,0.00
317,10.0,0.00
317,15.0,0.00
317,20.0,0.00
317,25.0,0.00
317,30.0,0.00
317,35.0,412.80
317,40.0,402.11
317,45.0,395.10
317,50.0,396.52
318,0.0,0.00
318,5.0,0.00
318,10.0,0.00
318,15.0,0.00
318,20.0,0.00
318,25.0,0.00
318,30.0,0.00
318,35.0,414.40
318,40.0,403.16
318,45.0,395.92
318,50.0,397.39
319,0.0,0.00
319,5.0,0.00
319,10.0,0.00
319,15.0,0.00
319,20.0,0.00
319,25.0,0.00
319,30.0,0.00
319,35.0,416.00
319,40.0,404.21
319,45.0,396.73
319,50.0,398.26
320,0.0,0.00
320,5.0,0.00
320,10.0,0.00
320,15.0,0.00
320,20.0,0.00
320,25.0,0.00
320,30.0,0.00
320,35.0,417.60
320,40.0,405.26
320,45.0,397.55
320,50.0,399.13
321,0.0,0.00
321,5.0,0.00
321,10.0,0.00
321,15.0,0.00
321,20.0,0.00
321,25.0,0.00
321,30.0,0.00
321,35.0,419.20
321,40.0,406.32
321,45.0,398.37
321,50.0,400.00
322,0.0,0.00
322,5.0,0.00
322,10.0,0.00
322,15.0,0.00
322,20.0,0.00
322,25.0,0.00
322,30.0,0.00
322,35.0,420.80
322,40.0,407.37
322,45.0,399.18
322,50.0,401.00
323,0.0,0.00
323,5.0,0.00
323,10.0,0.00
323,15.0,0.00
323,20.0,0.00
323,25.0,0.00
323,30.0,0.00
323,35.0,422.40
323,40.0,408.42
323,45.0,400.00
323,50.0,402.00
324,0.0,0.00
324,5.0,0.00
324,10.0,0.00
324,15.0,0.00
324,20.0,0.00
324,25.0,0.00
324,30.0,0.00
324,35.0,424.00
324,40.0,409.47
324,45.0,401.11
324,50.0,403.00
325,0.0,0.00
325,5.0,0.00
325,10.0,0.00
325,15.0,0.00
325,20.0,0.00
325,25.0,0.00
325,30.0,0.00
325,35.0,425.60
325,40.0,410.53
325,45.0,402.22
325,50.0,404.00
326,0.0,0.00
326,5.0,0.00
326,10.0,0.00
326,15.0,0.00
326,20.0,0.00
326,25.0,0.00
326,30.0,0.00
326,35.0,427.20
326,40.0,411.58
326,45.0,403.33
326,50.0,405.00
327,0.0,0.00
327,5.0,0.00
327,10.0,0.00
327,15.0,0.00
327,20.0,0.00
327,25.0,0.00
327,30.0,0.00
327,35.0,428.80
327,40.0,412.63
327,45.0,404.44
327,50.0,406.00
328,0.0,0.00
328,5.0,0.00
328,10.0,0.00
328,15.0,0.00
328,20.0,0.00
328,25.0,0.00
328,30.0,0.00
328,35.0,430.40
328,40.0,413.68
328,45.0,405.56
328,50.0,407.00
329,0.0,0.00
329,5.0,0.00
329,10.0,0.00
329,15.0,0.00
329,20.0,0.00
329,25.0,0.00
329,30.0,0.00
329,35.0,432.00
329,40.0,414.74
329,45.0,406.67
329,50.0,408.00
330,0.0,0.00
330,5.0,0.00
330,10.0,0.00
330,15.0,0.00
330,20.0,0.00
330,25.0,0.00
330,30.0,0.00
330,35.0,433.60
330,40.0,415.79
330,45.0,407.78
330,50.0,409.00
331,0.0,0.00
331,5.0,0.00
331,10.0,0.00
331,15.0,0.00
331,20.0,0.00
331,25.0,0.00
331,30.0,0.00
331,35.0,435.20
331,40.0,416.84
331,45.0,408.89
331,50.0,410.00
332,0.0,0.00
332,5.0,0.00
332,10.0,0.00
332,15.0,0.00
332,20.0,0.00
332,25.0,0.00
332,30.0,0.00
332,35.0,436.80
332,40.0,417.89
332,45.0,410.00
332,50.0,411.00
333,0.0,0.00
333,5.0,0.00
333,10.0,0.00
333,15.0,0.00
333,20.0,0.00
333,25.0,0.00
333,30.0,0.00
333,35.0,438.40
333,40.0,418.95
333,45.0,411.11
333,50.0,412.00
334,0.0,0.00
334,5.0,0.00
334,10.0,0.00
334,15.0,0.00
334,20.0,0.00
334,25.0,0.00
334,30.0,0.00
334,35.0,440.00
334,40.0,420.00
334,45.0,412.22
334,50.0,413.00
335,0.0,0.00
335,5.0,0.00
335,10.0,0.00
335,15.0,0.00
335,20.0,0.00
335,25.0,0.00
335,30.0,0.00
335,35.0,441.33
335,40.0,421.05
335,45.0,413.33
335,50.0,414.00
336,0.0,0.00
336,5.0,0.00
336,10.0,0.00
336,15.0,0.00
336,20.0,0.00
336,25.0,0.00
336,30.0,0.00
336,35.0,442.67
336,40.0,422.11
336,45.0,414.44
336,50.0,415.00
337,0.0,0.00
337,5.0,0.00
337,10.0,0.00
337,15.0,0.00
337,20.0,0.00
337,25.0,0.00
337,30.0,0.00
337,35.0,444.00
337,40.0,423.16
337,45.0,415.56
337,50.0,416.00
338,0.0,0.00
338,5.0,0.00
338,10.0,0.00
338,15.0,0.00
338,20.0,0.00
338,25.0,0.00
338,30.0,0.00
338,35.0,445.33
338,40.0,424.21
338,45.0,416.67
338,50.0,417.00
339,0.0,0.00
339,5.0,0.00
339,10.0,0.00
339,15.0,0.00
339,20.0,0.00
339,25.0,0.00
339,30.0,0.00
339,35.0,446.67
339,40.0,425.26
339,45.0,417.78
339,50.0,418.00
340,0.0,0.00
340,5.0,0.00
340,10.0,0.00
340,15.0,0.00
340,20.0,0.00
340,25.0,0.00
340,30.0,0.00
340,35.0,448.00
340,40.0,426.32
340,45.0,418.89
340,50.0,419.00
341,0.0,0.00
341,5.0,0.00
341,10.0,0.00
341,15.0,0.00
341,20.0,0.00
341,25.0,0.00
341,30.0,0.00
341,35.0,449.33
341,40.0,427.37
341,45.0,420.00
341,50.0,420.00
342,0.0,0.00
342,5.0,0.00
342,10.0,0.00
342,15.0,0.00
342,20.0,0.00
342,25.0,0.00
342,30.0,0.00
342,35.0,450.67
342,40.0,428.42
342,45.0,421.11
342,50.0,421.00
343,0.0,0.00
343,5.0,0.00
343,10.0,0.00
343,15.0,0.00
343,20.0,0.00
343,25.0,0.00
343,30.0,0.00
343,35.0,452.00
343,40.0,429.47
343,45.0,422.22
343,50.0,422.00
344,0.0,0.00
344,5.0,0.00
344,10.0,0.00
344,15.0,0.00
344,20.0,0.00
344,25.0,0.00
344,30.0,0.00
344,35.0,453.33
344,40.0,430.53
344,45.0,423.33
344,50.0,423.00
345,0.0,0.00
345,5.0,0.00
345,10.0,0.00
345,15.0,0.00
345,20.0,0.00
345,25.0,0.00
345,30.0,0.00
345,35.0,454.67
345,40.0,431.58
345,45.0,424.44
345,50.0,424.00
346,0.0,0.00
346,5.0,0.00
346,10.0,0.00
346,15.0,0.00
346,20.0,0.00
346,25.0,0.00
346,30.0,0.00
346,35.0,456.00
346,40.0,432.63
346,45.0,425.56
346,50.0,425.00
347,0.0,0.00
347,5.0,0.00
347,10.0,0.00
347,15.0,0.00
347,20.0,0.00
347,25.0,0.00
347,30.0,0.00
347,35.0,457.33
347,40.0,433.68
347,45.0,426.67
347,50.0,426.00
348,0.0,0.00
348,5.0,0.00
348,10.0,0.00
348,15.0,0.00
348,20.0,0.00
348,25.0,0.00
348,30.0,0.00
348,35.0,458.67
348,40.0,434.74
348,45.0,427.78
348,50.0,427.00
349,0.0,0.00
349,5.0,0.00
349,10.0,0.00
349,15.0,0.00
349,20.0,0.00
349,25.0,0.00
349,30.0,0.00
349,35.0,460.00
349,40.0,435.79
349,45.0,428.89
349,50.0,428.00
350,0.0,0.00
350,5.0,0.00
350,10.0,0.00
350,15.0,0.00
350,20.0,0.00
350,25.0,0.00
350,30.0,0.00
350,35.0,461.33
350,40.0,436.84
350,45.0,430.00
350,50.0,429.00
351,0.0,0.00
351,5.0,0.00
351,10.0,0.00
351,15.0,0.00
351,20.0,0.00
351,25.0,0.00
351,30.0,0.00
351,35.0,462.67
351,40.0,437.89
351,45.0,431.11
351,50.0,430.00
352,0.0,0.00
352,5.0,0.00
352,10.0,0.00
352,15.0,0.00
352,20.0,0.00
352,25.0,0.00
352,30.0,0.00
352,35.0,464.00
352,40.0,438.95
352,45.0,432.22
352,50.0,431.00
353,0.0,0.00
353,5.0,0.00
353,10.0,0.00
353,15.0,0.00
353,20.0,0.00
353,25.0,0.00
353,30.0,0.00
353,35.0,465.33
353,40.0,440.00
353,45.0,433.33
353,50.0,432.00
354,0.0,0.00
354,5.0,0.00
354,10.0,0.00
354,15.0,0.00
354,20.0,0.00
354,25.0,0.00
354,30.0,0.00
354,35.0,466.67
354,40.0,441.67
354,45.0,434.44
354,50.0,433.00
355,0.0,0.00
355,5.0,0.00
355,10.0,0.00
355,15.0,0.00
355,20.0,0.00
355,25.0,0.00
355,30.0,0.00
355,35.0,468.00
355,40.0,443.33
355,45.0,435.56
355,50.0,434.00
356,0.0,0.00
356,5.0,0.00
356,10.0,0.00
356,15.0,0.00
356,20.0,0.00
356,25.0,0.00
356,30.0,0.00
356,35.0,469.33
356,40.0,445.00
356,45.0,436.67
356,50.0,435.00
357,0.0,0.00
357,5.0,0.00
357,10.0,0.00
357,15.0,0.00
357,20.0,0.00
357,25.0,0.00
357,30.0,0.00
357,35.0,470.67
357,40.0,446.67
357,45.0,437.78
357,50.0,436.00
358,0.0,0.00
358,5.0,0.00
358,10.0,0.00
358,15.0,0.00
358,20.0,0.00
358,25.0,0.00
358,30.0,0.00
358,35.0,472.00
358,40.0,448.33
358,45.0,438.89
358,50.0,437.00
359,0.0,0.00
359,5.0,0.00
359,10.0,0.00
359,15.0,0.00
359,20.0,0.00
359,25.0,0.00
359,30.0,0.00
359,35.0,473.33
359,40.0,450.00
359,45.0,440.00
359,50.0,438.00
360,0.0,0.00
360,5.0,0.00
360,10.0,0.00
360,15.0,0.00
360,20.0,0.00
360,25.0,0.00
360,30.0,0.00
360,35.0,474.67
360,40.0,451.67
360,45.0,441.29
360,50.0,439.00
361,0.0,0.00
361,5.0,0.00
361,10.0,0.00
361,15.0,0.00
361,20.0,0.00
361,25.0,0.00
361,30.0,0.00
361,35.0,476.00
361,40.0,453.33
361,45.0,442.58
361,50.0,440.00
362,0.0,0.00
362,5.0,0.00
362,10.0,0.00
362,15.0,0.00
362,20.0,0.00
362,25.0,0.00
362,30.0,0.00
362,35.0,477.33
362,40.0,455.00
362,45.0,443.87
362,50.0,441.82
363,0.0,0.00
363,5.0,0.00
363,10.0,0.00
363,15.0,0.00
363,20.0,0.00
363,25.0,0.00
363,30.0,0.00
363,35.0,478.67
363,40.0,456.67
363,45.0,445.16
363,50.0,443.64
364,0.0,0.00
364,5.0,0.00
364,10.0,0.00
364,15.0,0.00
364,20.0,0.00
364,25.0,0.00
364,30.0,0.00
364,35.0,0.00
364,40.0,458.33
364,45.0,446.45
364,50.0,445.45
365,0.0,0.00
365,5.0,0.00
365,10.0,0.00
365,15.0,0.00
365,20.0,0.00
365,25.0,0.00
365,30.0,0.00
365,35.0,0.00
365,40.0,460.00
365,45.0,447.74
365,50.0,447.27
366,0.0,0.00
366,5.0,0.00
366,10.0,0.00
366,15.0,0.00
366,20.0,0.00
366,25.0,0.00
366,30.0,0.00
366,35.0,0.00
366,40.0,461.67
366,45.0,449.03
366,50.0,449.09
367,0.0,0.00
367,5.0,0.00
367,10.0,0.00
367,15.0,0.00
367,20.0,0.00
367,25.0,0.00
367,30.0,0.00
367,35.0,0.00
367,40.0,463.33
367,45.0,450.32
367,50.0,450.91
368,0.0,0.00
368,5.0,0.00
368,10.0,0.00
368,15.0,0.00
368,20.0,0.00
368,25.0,0.00
368,30.0,0.00
368,35.0,0.00
368,40.0,465.00
368,45.0,451.61
368,50.0,452.73
369,0.0,0.00
369,5.0,0.00
369,10.0,0.00
369,15.0,0.00
369,20.0,0.00
369,25.0,0.00
369,30.0,0.00
369,35.0,0.00
369,40.0,466.67
369,45.0,452.90
369,50.0,454.55
370,0.0,0.00
370,5.0,0.00
370,10.0,0.00
370,15.0,0.00
370,20.0,0.00
370,25.0,0.00
370,30.0,0.00
370,35.0,0.00
370,40.0,468.33
370,45.0,454.19
370,50.0,456.36
371,0.0,0.00
371,5.0,0.00
371,10.0,0.00
371,15.0,0.00
371,20.0,0.00
371,25.0,0.00
371,30.0,0.00
371,35.0,0.00
371,40.0,470.00
371,45.0,455.48
371,50.0,458.18
372,0.0,0.00
372,5.0,0.00
372,10.0,0.00
372,15.0,0.00
372,20.0,0.00
372,25.0,0.00
372,30.0,0.00
372,35.0,0.00
372,40.0,471.67
372,45.0,456.77
372,50.0,460.00
373,0.0,0.00
373,5.0,0.00
373,10.0,0.00
373,15.0,0.00
373,20.0,0.00
373,25.0,0.00
373,30.0,0.00
373,35.0,0.00
373,40.0,473.33
373,45.0,458.06
373,50.0,461.82
374,0.0,0.00
374,5.0,0.00
374,10.0,0.00
374,15.0,0.00
374,20.0,0.00
374,25.0,0.00
374,30.0,0.00
374,35.0,0.00
374,40.0,475.00
374,45.0,459.35
374,50.0,463.64
375,0.0,0.00
375,5.0,0.00
375,10.0,0.00
375,15.0,0.00
375,20.0,0.00
375,25.0,0.00
375,30.0,0.00
375,35.0,0.00
375,40.0,476.67
375,45.0,460.65
375,50.0,465.45
376,0.0,0.00
376,5.0,0.00
376,10.0,0.00
376,15.0,0.00
376,20.0,0.00
376,25.0,0.00
376,30.0,0.00
376,35.0,0.00
376,40.0,478.33
376,45.0,461.94
376,50.0,467.27
377,0.0,0.00
377,5.0,0.00
377,10.0,0.00
377,15.0,0.00
377,20.0,0.00
377,25.0,0.00
377,30.0,0.00
377,35.0,0.00
377,40.0,480.00
377,45.0,463.23
377,50.0,469.09
378,0.0,0.00
378,5.0,0.00
378,10.0,0.00
378,15.0,0.00
378,20.0,0.00
378,25.0,0.00
378,30.0,0.00
378,35.0,0.00
378,40.0,481.38
378,45.0,464.52
378,50.0,470.91
379,0.0,0.00
379,5.0,0.00
379,10.0,0.00
379,15.0,0.00
379,20.0,0.00
379,25.0,0.00
379,30.0,0.00
379,35.0,0.00
379,40.0,482.76
379,45.0,465.81
379,50.0,472.73
380,0.0,0.00
380,5.0,0.00
380,10.0,0.00
380,15.0,0.00
380,20.0,0.00
380,25.0,0.00
380,30.0,0.00
380,35.0,0.00
380,40.0,484.14
380,45.0,467.10
380,50.0,474.55
381,0.0,0.00
381,5.0,0.00
381,10.0,0.00
381,15.0,0.00
381,20.0,0.00
381,25.0,0.00
381,30.0,0.00
381,35.0,0.00
381,40.0,485.52
381,45.0,468.39
381,50.0,476.36
382,0.0,0.00
382,5.0,0.00
382,10.0,0.00
382,15.0,0.00
382,20.0,0.00
382,25.0,0.00
382,30.0,0.00
382,35.0,0.00
382,40.0,486.90
382,45.0,469.68
382,50.0,478.18
383,0.0,0.00
383,5.0,0.00
383,10.0,0.00
383,15.0,0.00
383,20.0,0.00
383,25.0,0.00
383,30.0,0.00
383,35.0,0.00
383,40.0,488.28
383,45.0,470.97
383,50.0,480.00
384,0.0,0.00
384,5.0,0.00
384,10.0,0.00
384,15.0,0.00
384,20.0,0.00
384,25.0,0.00
384,30.0,0.00
384,35.0,0.00
384,40.0,489.66
384,45.0,472.26
384,50.0,483.33
385,0.0,0.00
385,5.0,0.00
385,10.0,0.00
385,15.0,0.00
385,20.0,0.00
385,25.0,0.00
385,30.0,0.00
385,35.0,0.00
385,40.0,491.03
385,45.0,473.55
385,50.0,486.67
386,0.0,0.00
386,5.0,0.00
386,10.0,0.00
386,15.0,0.00
386,20.0,0.00
386,25.0,0.00
386,30.0,0.00
386,35.0,0.00
386,40.0,492.41
386,45.0,474.84
386,50.0,490.00
387,0.0,0.00
387,5.0,0.00
387,10.0,0.00
387,15.0,0.00
387,20.0,0.00
387,25.0,0.00
387,30.0,0.00
387,35.0,0.00
387,40.0,493.79
387,45.0,476.13
387,50.0,493.33
388,0.0,0.00
388,5.0,0.00
388,10.0,0.00
388,15.0,0.00
388,20.0,0.00
388,25.0,0.00
388,30.0,0.00
388,35.0,0.00
388,40.0,495.17
388,45.0,477.42
388,50.0,496.67
389,0.0,0.00
389,5.0,0.00
389,10.0,0.00
389,15.0,0.00
389,20.0,0.00
389,25.0,0.00
389,30.0,0.00
389,35.0,0.00
389,40.0,496.55
389,45.0,478.71
389,50.0,500.00
390,0.0,0.00
390,5.0,0.00
390,10.0,0.00
390,15.0,0.00
390,20.0,0.00
390,25.0,0.00
390,30.0,0.00
390,35.0,0.00
390,40.0,497.93
390,45.0,480.00
390,50.0,503.33
391,0.0,0.00
391,5.0,0.00
391,10.0,0.00
391,15.0,0.00
391,20.0,0.00
391,25.0,0.00
391,30.0,0.00
391,35.0,0.00
391,40.0,499.31
391,45.0,481.67
391,50.0,506.67
392,0.0,0.00
392,5.0,0.00
392,10.0,0.00
392,15.0,0.00
392,20.0,0.00
392,25.0,0.00
392,30.0,0.00
392,35.0,0.00
392,40.0,500.69
392,45.0,483.33
392,50.0,510.00
393,0.0,0.00
393,5.0,0.00
393,10.0,0.00
393,15.0,0.00
393,20.0,0.00
393,25.0,0.00
393,30.0,0.00
393,35.0,0.00
393,40.0,502.07
393,45.0,485.00
393,50.0,513.33
394,0.0,0.00
394,5.0,0.00
394,10.0,0.00
394,15.0,0.00
394,20.0,0.00
394,25.0,0.00
394,30.0,0.00
394,35.0,0.00
394,40.0,503.45
394,45.0,486.67
394,50.0,516.67
395,0.0,0.00
395,5.0,0.00
395,10.0,0.00
395,15.0,0.00
395,20.0,0.00
395,25.0,0.00
395,30.0,0.00
395,35.0,0.00
395,40.0,504.83
395,45.0,488.33
395,50.0,520.00
396,0.0,0.00
396,5.0,0.00
396,10.0,0.00
396,15.0,0.00
396,20.0,0.00
396,25.0,0.00
396,30.0,0.00
396,35.0,0.00
396,40.0,506.21
396,45.0,490.00
396,50.0,521.18
397,0.0,0.00
397,5.0,0.00
397,10.0,0.00
397,15.0,0.00
397,20.0,0.00
397,25.0,0.00
397,30.0,0.00
397,35.0,0.00
397,40.0,507.59
397,45.0,491.67
397,50.0,522.35
398,0.0,0.00
398,5.0,0.00
398,10.0,0.00
398,15.0,0.00
398,20.0,0.00
398,25.0,0.00
398,30.0,0.00
398,35.0,0.00
398,40.0,508.97
398,45.0,493.33
398,50.0,523.53
399,0.0,0.00
399,5.0,0.00
399,10.0,0.00
399,15.0,0.00
399,20.0,0.00
399,25.0,0.00
399,30.0,0.00
399,35.0,0.00
399,40.0,510.34
399,45.0,495.00
399,50.0,524.71
400,0.0,0.00
400,5.0,0.00
400,10.0,0.00
400,15.0,0.00
400,20.0,0.00
400,25.0,0.00
400,30.0,0.00
400,35.0,0.00
400,40.0,511.72
400,45.0,496.67
400,50.0,525.88
401,0.0,0.00
401,5.0,0.00
401,10.0,0.00
401,15.0,0.00
401,20.0,0.00
401,25.0,0.00
401,30.0,0.00
401,35.0,0.00
401,40.0,513.10
401,45.0,498.33
401,50.0,527.06
402,0.0,0.00
402,5.0,0.00
402,10.0,0.00
402,15.0,0.00
402,20.0,0.00
402,25.0,0.00
402,30.0,0.00
402,35.0,0.00
402,40.0,514.48
402,45.0,500.00
402,50.0,528.24
403,0.0,0.00
403,5.0,0.00
403,10.0,0.00
403,15.0,0.00
403,20.0,0.00
403,25.0,0.00
403,30.0,0.00
403,35.0,0.00
403,40.0,515.86
403,45.0,501.67
403,50.0,529.41
404,0.0,0.00
404,5.0,0.00
404,10.0,0.00
404,15.0,0.00
404,20.0,0.00
404,25.0,0.00
404,30.0,0.00
404,35.0,0.00
404,40.0,517.24
404,45.0,503.33
404,50.0,530.59
405,0.0,0.00
405,5.0,0.00
405,10.0,0.00
405,15.0,0.00
405,20.0,0.00
405,25.0,0.00
405,30.0,0.00
405,35.0,0.00
405,40.0,518.62
405,45.0,505.00
405,50.0,531.76
406,0.0,0.00
406,5.0,0.00
406,10.0,0.00
406,15.0,0.00
406,20.0,0.00
406,25.0,0.00
406,30.0,0.00
406,35.0,0.00
406,40.0,520.00
406,45.0,506.67
406,50.0,532.94
407,0.0,0.00
407,5.0,0.00
407,10.0,0.00
407,15.0,0.00
407,20.0,0.00
407,25.0,0.00
407,30.0,0.00
407,35.0,0.00
407,40.0,521.74
407,45.0,508.33
407,50.0,534.12
408,0.0,0.00
408,5.0,0.00
408,10.0,0.00
408,15.0,0.00
408,20.0,0.00
408,25.0,0.00
408,30.0,0.00
408,35.0,0.00
408,40.0,523.48
408,45.0,510.00
408,50.0,535.29
409,0.0,0.00
409,5.0,0.00
409,10.0,0.00
409,15.0,0.00
409,20.0,0.00
409,25.0,0.00
409,30.0,0.00
409,35.0,0.00
409,40.0,525.22
409,45.0,511.67
409,50.0,536.47
410,0.0,0.00
410,5.0,0.00
410,10.0,0.00
410,15.0,0.00
410,20.0,0.00
410,25.0,0.00
410,30.0,0.00
410,35.0,0.00
410,40.0,526.96
410,45.0,513.33
410,50.0,537.65
411,0.0,0.00
411,5.0,0.00
411,10.0,0.00
411,15.0,0.00
411,20.0,0.00
411,25.0,0.00
411,30.0,0.00
411,35.0,0.00
411,40.0,528.70
411,45.0,515.00
411,50.0,538.82
412,0.0,0.00
412,5.0,0.00
412,10.0,0.00
412,15.0,0.00
412,20.0,0.00
412,25.0,0.00
412,30.0,0.00
412,35.0,0.00
412,40.0,530.43
412,45.0,516.67
412,50.0,540.00
413,0.0,0.00
413,5.0,0.00
413,10.0,0.00
413,15.0,0.00
413,20.0,0.00
413,25.0,0.00
413,30.0,0.00
413,35.0,0.00
413,40.0,532.17
413,45.0,518.33
413,50.0,541.18
414,0.0,0.00
414,5.0,0.00
414,10.0,0.00
414,15.0,0.00
414,20.0,0.00
414,25.0,0.00
414,30.0,0.00
414,35.0,0.00
414,40.0,533.91
414,45.0,520.00
414,50.0,542.35
415,0.0,0.00
415,5.0,0.00
415,10.0,0.00
415,15.0,0.00
415,20.0,0.00
415,25.0,0.00
415,30.0,0.00
415,35.0,0.00
415,40.0,535.65
415,45.0,522.22
415,50.0,543.53
416,0.0,0.00
416,5.0,0.00
416,10.0,0.00
416,15.0,0.00
416,20.0,0.00
416,25.0,0.00
416,30.0,0.00
416,35.0,0.00
416,40.0,537.39
416,45.0,524.44
416,50.0,544.71
417,0.0,0.00
417,5.0,0.00
417,10.0,0.00
417,15.0,0.00
417,20.0,0.00
417,25.0,0.00
417,30.0,0.00
417,35.0,0.00
417,40.0,539.13
417,45.0,526.67
417,50.0,545.88
418,0.0,0.00
418,5.0,0.00
418,10.0,0.00
418,15.0,0.00
418,20.0,0.00
418,25.0,0.00
418,30.0,0.00
418,35.0,0.00
418,40.0,0.00
418,45.0,528.89
418,50.0,547.06
419,0.0,0.00
419,5.0,0.00
419,10.0,0.00
419,15.0,0.00
419,20.0,0.00
419,25.0,0.00
419,30.0,0.00
419,35.0,0.00
419,40.0,0.00
419,45.0,531.11
419,50.0,548.24
420,0.0,0.00
420,5.0,0.00
420,10.0,0.00
420,15.0,0.00
420,20.0,0.00
420,25.0,0.00
420,30.0,0.00
420,35.0,0.00
420,40.0,0.00
420,45.0,533.33
420,50.0,549.41
421,0.0,0.00
421,5.0,0.00
421,10.0,0.00
421,15.0,0.00
421,20.0,0.00
421,25.0,0.00
421,30.0,0.00
421,35.0,0.00
421,40.0,0.00
421,45.0,535.56
421,50.0,550.59
422,0.0,0.00
422,5.0,0.00
422,10.0,0.00
422,15.0,0.00
422,20.0,0.00
422,25.0,0.00
422,30.0,0.00
422,35.0,0.00
422,40.0,0.00
422,45.0,537.78
422,50.0,551.76
423,0.0,0.00
423,5.0,0.00
423,10.0,0.00
423,15.0,0.00
423,20.0,0.00
423,25.0,0.00
423,30.0,0.00
423,35.0,0.00
423,40.0,0.00
423,45.0,540.00
423,50.0,552.94
424,0.0,0.00
424,5.0,0.00
424,10.0,0.00
424,15.0,0.00
424,20.0,0.00
424,25.0,0.00
424,30.0,0.00
424,35.0,0.00
424,40.0,0.00
424,45.0,542.22
424,50.0,554.12
425,0.0,0.00
425,5.0,0.00
425,10.0,0.00
425,15.0,0.00
425,20.0,0.00
425,25.0,0.00
425,30.0,0.00
425,35.0,0.00
425,40.0,0.00
425,45.0,544.44
425,50.0,555.29
426,0.0,0.00
426,5.0,0.00
426,10.0,0.00
426,15.0,0.00
426,20.0,0.00
426,25.0,0.00
426,30.0,0.00
426,35.0,0.00
426,40.0,0.00
426,45.0,546.67
426,50.0,556.47
427,0.0,0.00
427,5.0,0.00
427,10.0,0.00
427,15.0,0.00
427,20.0,0.00
427,25.0,0.00
427,30.0,0.00
427,35.0,0.00
427,40.0,0.00
427,45.0,548.89
427,50.0,557.65
428,0.0,0.00
428,5.0,0.00
428,10.0,0.00
428,15.0,0.00
428,20.0,0.00
428,25.0,0.00
428,30.0,0.00
428,35.0,0.00
428,40.0,0.00
428,45.0,551.11
428,50.0,558.82
429,0.0,0.00
429,5.0,0.00
429,10.0,0.00
429,15.0,0.00
429,20.0,0.00
429,25.0,0.00
429,30.0,0.00
429,35.0,0.00
429,40.0,0.00
429,45.0,553.33
429,50.0,560.00
430,0.0,0.00
430,5.0,0.00
430,10.0,0.00
430,15.0,0.00
430,20.0,0.00
430,25.0,0.00
430,30.0,0.00
430,35.0,0.00
430,40.0,0.00
430,45.0,555.56
430,50.0,561.90
431,0.0,0.00
431,5.0,0.00
431,10.0,0.00
431,15.0,0.00
431,20.0,0.00
431,25.0,0.00
431,30.0,0.00
431,35.0,0.00
431,40.0,0.00
431,45.0,557.78
431,50.0,563.81
432,0.0,0.00
432,5.0,0.00
432,10.0,0.00
432,15.0,0.00
432,20.0,0.00
432,25.0,0.00
432,30.0,0.00
432,35.0,0.00
432,40.0,0.00
432,45.0,560.00
432,50.0,565.71
433,0.0,0.00
433,5.0,0.00
433,10.0,0.00
433,15.0,0.00
433,20.0,0.00
433,25.0,0.00
433,30.0,0.00
433,35.0,0.00
433,40.0,0.00
433,45.0,561.48
433,50.0,567.62
434,0.0,0.00
434,5.0,0.00
434,10.0,0.00
434,15.0,0.00
434,20.0,0.00
434,25.0,0.00
434,30.0,0.00
434,35.0,0.00
434,40.0,0.00
434,45.0,562.96
434,50.0,569.52
435,0.0,0.00
435,5.0,0.00
435,10.0,0.00
435,15.0,0.00
435,20.0,0.00
435,25.0,0.00
435,30.0,0.00
435,35.0,0.00
435,40.0,0.00
435,45.0,564.44
435,50.0,571.43
436,0.0,0.00
436,5.0,0.00
436,10.0,0.00
436,15.0,0.00
436,20.0,0.00
436,25.0,0.00
436,30.0,0.00
436,35.0,0.00
436,40.0,0.00
436,45.0,565.93
436,50.0,573.33
437,0.0,0.00
437,5.0,0.00
437,10.0,0.00
437,15.0,0.00
437,20.0,0.00
437,25.0,0.00
437,30.0,0.00
437,35.0,0.00
437,40.0,0.00
437,45.0,567.41
437,50.0,575.24
438,0.0,0.00
438,5.0,0.00
438,10.0,0.00
438,15.0,0.00
438,20.0,0.00
438,25.0,0.00
438,30.0,0.00
438,35.0,0.00
438,40.0,0.00
438,45.0,568.89
438,50.0,577.14
439,0.0,0.00
439,5.0,0.00
439,10.0,0.00
439,15.0,0.00
439,20.0,0.00
439,25.0,0.00
439,30.0,0.00
439,35.0,0.00
439,40.0,0.00
439,45.0,570.37
439,50.0,579.05
440,0.0,0.00
440,5.0,0.00
440,10.0,0.00
440,15.0,0.00
440,20.0,0.00
440,25.0,0.00
440,30.0,0.00
440,35.0,0.00
440,40.0,0.00
440,45.0,571.85
440,50.0,580.95
441,0.0,0.00
441,5.0,0.00
441,10.0,0.00
441,15.0,0.00
441,20.0,0.00
441,25.0,0.00
441,30.0,0.00
441,35.0,0.00
441,40.0,0.00
441,45.0,573.33
441,50.0,582.86
442,0.0,0.00
442,5.0,0.00
442,10.0,0.00
442,15.0,0.00
442,20.0,0.00
442,25.0,0.00
442,30.0,0.00
442,35.0,0.00
442,40.0,0.00
442,45.0,574.81
442,50.0,584.76
443,0.0,0.00
443,5.0,0.00
443,10.0,0.00
443,15.0,0.00
443,20.0,0.00
443,25.0,0.00
443,30.0,0.00
443,35.0,0.00
443,40.0,0.00
443,45.0,576.30
443,50.0,586.67
444,0.0,0.00
444,5.0,0.00
444,10.0,0.00
444,15.0,0.00
444,20.0,0.00
444,25.0,0.00
444,30.0,0.00
444,35.0,0.00
444,40.0,0.00
444,45.0,577.78
444,50.0,588.57
445,0.0,0.00
445,5.0,0.00
445,10.0,0.00
445,15.0,0.00
445,20.0,0.00
445,25.0,0.00
445,30.0,0.00
445,35.0,0.00
445,40.0,0.00
445,45.0,579.26
445,50.0,590.48
446,0.0,0.00
446,5.0,0.00
446,10.0,0.00
446,15.0,0.00
446,20.0,0.00
446,25.0,0.00
446,30.0,0.00
446,35.0,0.00
446,40.0,0.00
446,45.0,580.74
446,50.0,592.38
447,0.0,0.00
447,5.0,0.00
447,10.0,0.00
447,15.0,0.00
447,20.0,0.00
447,25.0,0.00
447,30.0,0.00
447,35.0,0.00
447,40.0,0.00
447,45.0,582.22
447,50.0,594.29
448,0.0,0.00
448,5.0,0.00
448,10.0,0.00
448,15.0,0.00
448,20.0,0.00
448,25.0,0.00
448,30.0,0.00
448,35.0,0.00
448,40.0,0.00
448,45.0,583.70
448,50.0,596.19
449,0.0,0.00
449,5.0,0.00
449,10.0,0.00
449,15.0,0.00
449,20.0,0.00
449,25.0,0.00
449,30.0,0.00
449,35.0,0.00
449,40.0,0.00
449,45.0,585.19
449,50.0,598.10
450,0.0,0.00
450,5.0,0.00
450,10.0,0.00
450,15.0,0.00
450,20.0,0.00
450,25.0,0.00
450,30.0,0.00
450,35.0,0.00
450,40.0,0.00
450,45.0,586.67
450,50.0,600.00
451,0.0,0.00
451,5.0,0.00
451,10.0,0.00
451,15.0,0.00
451,20.0,0.00
451,25.0,0.00
451,30.0,0.00
451,35.0,0.00
451,40.0,0.00
451,45.0,0.00
451,50.0,601.38
452,0.0,0.00
452,5.0,0.00
452,10.0,0.00
452,15.0,0.00
452,20.0,0.00
452,25.0,0.00
452,30.0,0.00
452,35.0,0.00
452,40.0,0.00
452,45.0,0.00
452,50.0,602.76
453,0.0,0.00
453,5.0,0.00
453,10.0,0.00
453,15.0,0.00
453,20.0,0.00
453,25.0,0.00
453,30.0,0.00
453,35.0,0.00
453,40.0,0.00
453,45.0,0.00
453,50.0,604.14
454,0.0,0.00
454,5.0,0.00
454,10.0,0.00
454,15.0,0.00
454,20.0,0.00
454,25.0,0.00
454,30.0,0.00
454,35.0,0.00
454,40.0,0.00
454,45.0,0.00
454,50.0,605.52
455,0.0,0.00
455,5.0,0.00
455,10.0,0.00
455,15.0,0.00
455,20.0,0.00
455,25.0,0.00
455,30.0,0.00
455,35.0,0.00
455,40.0,0.00
455,45.0,0.00
455,50.0,606.90
456,0.0,0.00
456,5.0,0.00
456,10.0,0.00
456,15.0,0.00
456,20.0,0.00
456,25.0,0.00
456,30.0,0.00
456,35.0,0.00
456,40.0,0.00
456,45.0,0.00
456,50.0,608.28
457,0.0,0.00
457,5.0,0.00
457,10.0,0.00
457,15.0,0.00
457,20.0,0.00
457,25.0,0.00
457,30.0,0.00
457,35.0,0.00
457,40.0,0.00
457,45.0,0.00
457,50.0,609.66
458,0.0,0.00
458,5.0,0.00
458,10.0,0.00
458,15.0,0.00
458,20.0,0.00
458,25.0,0.00
458,30.0,0.00
458,35.0,0.00
458,40.0,0.00
458,45.0,0.00
458,50.0,611.03
459,0.0,0.00
459,5.0,0.00
459,10.0,0.00
459,15.0,0.00
459,20.0,0.00
459,25.0,0.00
459,30.0,0.00
459,35.0,0.00
459,40.0,0.00
459,45.0,0.00
459,50.0,612.41
460,0.0,0.00
460,5.0,0.00
460,10.0,0.00
460,15.0,0.00
460,20.0,0.00
460,25.0,0.00
460,30.0,0.00
460,35.0,0.00
460,40.0,0.00
460,45.0,0.00
460,50.0,613.79
461,0.0,0.00
461,5.0,0.00
461,10.0,0.00
461,15.0,0.00
461,20.0,0.00
461,25.0,0.00
461,30.0,0.00
461,35.0,0.00
461,40.0,0.00
461,45.0,0.00
461,50.0,615.17
462,0.0,0.00
462,5.0,0.00
462,10.0,0.00
462,15.0,0.00
462,20.0,0.00
462,25.0,0.00
462,30.0,0.00
462,35.0,0.00
462,40.0,0.00
462,45.0,0.00
462,50.0,616.55
463,0.0,0.00
463,5.0,0.00
463,10.0,0.00
463,15.0,0.00
463,20.0,0.00
463,25.0,0.00
463,30.0,0.00
463,35.0,0.00
463,40.0,0.00
463,45.0,0.00
463,50.0,617.93
464,0.0,0.00
464,5.0,0.00
464,10.0,0.00
464,15.0,0.00
464,20.0,0.00
464,25.0,0.00
464,30.0,0.00
464,35.0,0.00
464,40.0,0.00
464,45.0,0.00
464,50.0,619.31
465,0.0,0.00
465,5.0,0.00
465,10.0,0.00
465,15.0,0.00
465,20.0,0.00
465,25.0,0.00
465,30.0,0.00
465,35.0,0.00
465,40.0,0.00
465,45.0,0.00
465,50.0,620.69
466,0.0,0.00
466,5.0,0.00
466,10.0,0.00
466,15.0,0.00
466,20.0,0.00
466,25.0,0.00
466,30.0,0.00
466,35.0,0.00
466,40.0,0.00
466,45.0,0.00
466,50.0,622.07
467,0.0,0.00
467,5.0,0.00
467,10.0,0.00
467,15.0,0.00
467,20.0,0.00
467,25.0,0.00
467,30.0,0.00
467,35.0,0.00
467,40.0,0.00
467,45.0,0.00
467,50.0,623.45
468,0.0,0.00
468,5.0,0.00
468,10.0,0.00
468,15.0,0.00
468,20.0,0.00
468,25.0,0.00
468,30.0,0.00
468,35.0,0.00
468,40.0,0.00
468,45.0,0.00
468,50.0,624.83
469,0.0,0.00
469,5.0,0.00
469,10.0,0.00
469,15.0,0.00
469,20.0,0.00
469,25.0,0.00
469,30.0,0.00
469,35.0,0.00
469,40.0,0.00
469,45.0,0.00
469,50.0,626.21
470,0.0,0.00
470,5.0,0.00
470,10.0,0.00
470,15.0,0.00
470,20.0,0.00
470,25.0,0.00
470,30.0,0.00
470,35.0,0.00
470,40.0,0.00
470,45.0,0.00
470,50.0,627.59
471,0.0,0.00
471,5.0,0.00
471,10.0,0.00
471,15.0,0.00
471,20.0,0.00
471,25.0,0.00
471,30.0,0.00
471,35.0,0.00
471,40.0,0.00
471,45.0,0.00
471,50.0,628.97
472,0.0,0.00
472,5.0,0.00
472,10.0,0.00
472,15.0,0.00
472,20.0,0.00
472,25.0,0.00
472,30.0,0.00
472,35.0,0.00
472,40.0,0.00
472,45.0,0.00
472,50.0,630.34
473,0.0,0.00
473,5.0,0.00
473,10.0,0.00
473,15.0,0.00
473,20.0,0.00
473,25.0,0.00
473,30.0,0.00
473,35.0,0.00
473,40.0,0.00
473,45.0,0.00
473,50.0,631.72
474,0.0,0.00
474,5.0,0.00
474,10.0,0.00
474,15.0,0.00
474,20.0,0.00
474,25.0,0.00
474,30.0,0.00
474,35.0,0.00
474,40.0,0.00
474,45.0,0.00
474,50.0,633.10
475,0.0,0.00
475,5.0,0.00
475,10.0,0.00
475,15.0,0.00
475,20.0,0.00
475,25.0,0.00
475,30.0,0.00
475,35.0,0.00
475,40.0,0.00
475,45.0,0.00
475,50.0,634.48
476,0.0,0.00
476,5.0,0.00
476,10.0,0.00
476,15.0,0.00
476,20.0,0.00
476,25.0,0.00
476,30.0,0.00
476,35.0,0.00
476,40.0,0.00
476,45.0,0.00
476,50.0,635.86
477,0.0,0.00
477,5.0,0.00
477,10.0,0.00
477,15.0,0.00
477,20.0,0.00
477,25.0,0.00
477,30.0,0.00
477,35.0,0.00
477,40.0,0.00
477,45.0,0.00
477,50.0,637.24
478,0.0,0.00
478,5.0,0.00
478,10.0,0.00
478,15.0,0.00
478,20.0,0.00
478,25.0,0.00
478,30.0,0.00
478,35.0,0.00
478,40.0,0.00
478,45.0,0.00
478,50.0,638.62
479,0.0,0.00
479,5.0,0.00
479,10.0,0.00
479,15.0,0.00
479,20.0,0.00
479,25.0,0.00
479,30.0,0.00
479,35.0,0.00
479,40.0,0.00
479,45.0,0.00
479,50.0,640.00
480,0.0,0.00
480,5.0,0.00
480,10.0,0.00
480,15.0,0.00
480,20.0,0.00
480,25.0,0.00
480,30.0,0.00
480,35.0,0.00
480,40.0,0.00
480,45.0,0.00
480,50.0,640.93
481,0.0,0.00
481,5.0,0.00
481,10.0,0.00
481,15.0,0.00
481,20.0,0.00
481,25.0,0.00
481,30.0,0.00
481,35.0,0.00
481,40.0,0.00
481,45.0,0.00
481,50.0,641.86
482,0.0,0.00
482,5.0,0.00
482,10.0,0.00
482,15.0,0.00
482,20.0,0.00
482,25.0,0.00
482,30.0,0.00
482,35.0,0.00
482,40.0,0.00
482,45.0,0.00
482,50.0,642.79
483,0.0,0.00
483,5.0,0.00
483,10.0,0.00
483,15.0,0.00
483,20.0,0.00
483,25.0,0.00
483,30.0,0.00
483,35.0,0.00
483,40.0,0.00
483,45.0,0.00
483,50.0,643.72
484,0.0,0.00
484,5.0,0.00
484,10.0,0.00
484,15.0,0.00
484,20.0,0.00
484,25.0,0.00
484,30.0,0.00
484,35.0,0.00
484,40.0,0.00
484,45.0,0.00
484,50.0,644.65
485,0.0,0.00
485,5.0,0.00
485,10.0,0.00
485,15.0,0.00
485,20.0,0.00
485,25.0,0.00
485,30.0,0.00
485,35.0,0.00
485,40.0,0.00
485,45.0,0.00
485,50.0,645.58
486,0.0,0.00
486,5.0,0.00
486,10.0,0.00
486,15.0,0.00
486,20.0,0.00
486,25.0,0.00
486,30.0,0.00
486,35.0,0.00
486,40.0,0.00
486,45.0,0.00
486,50.0,646.51
487,0.0,0.00
487,5.0,0.00
487,10.0,0.00
487,15.0,0.00
487,20.0,0.00
487,25.0,0.00
487,30.0,0.00
487,35.0,0.00
487,40.0,0.00
487,45.0,0.00
487,50.0,647.44
488,0.0,0.00
488,5.0,0.00
488,10.0,0.00
488,15.0,0.00
488,20.0,0.00
488,25.0,0.00
488,30.0,0.00
488,35.0,0.00
488,40.0,0.00
488,45.0,0.00
488,50.0,648.37
489,0.0,0.00
489,5.0,0.00
489,10.0,0.00
489,15.0,0.00
489,20.0,0.00
489,25.0,0.00
489,30.0,0.00
489,35.0,0.00
489,40.0,0.00
489,45.0,0.00
489,50.0,649.30
490,0.0,0.00
490,5.0,0.00
490,10.0,0.00
490,15.0,0.00
490,20.0,0.00
490,25.0,0.00
490,30.0,0.00
490,35.0,0.00
490,40.0,0.00
490,45.0,0.00
490,50.0,650.23
491,0.0,0.00
491,5.0,0.00
491,10.0,0.00
491,15.0,0.00
491,20.0,0.00
491,25.0,0.00
491,30.0,0.00
491,35.0,0.00
491,40.0,0.00
491,45.0,0.00
491,50.0,651.16
492,0.0,0.00
492,5.0,0.00
492,10.0,0.00
492,15.0,0.00
492,20.0,0.00
492,25.0,0.00
492,30.0,0.00
492,35.0,0.00
492,40.0,0.00
492,45.0,0.00
492,50.0,652.09
493,0.0,0.00
493,5.0,0.00
493,10.0,0.00
493,15.0,0.00
493,20.0,0.00
493,25.0,0.00
493,30.0,0.00
493,35.0,0.00
493,40.0,0.00
493,45.0,0.00
493,50.0,653.02
494,0.0,0.00
494,5.0,0.00
494,10.0,0.00
494,15.0,0.00
494,20.0,0.00
494,25.0,0.00
494,30.0,0.00
494,35.0,0.00
494,40.0,0.00
494,45.0,0.00
494,50.0,653.95
495,0.0,0.00
495,5.0,0.00
495,10.0,0.00
495,15.0,0.00
495,20.0,0.00
495,25.0,0.00
495,30.0,0.00
495,35.0,0.00
495,40.0,0.00
495,45.0,0.00
495,50.0,654.88
496,0.0,0.00
496,5.0,0.00
496,10.0,0.00
496,15.0,0.00
496,20.0,0.00
496,25.0,0.00
496,30.0,0.00
496,35.0,0.00
496,40.0,0.00
496,45.0,0.00
496,50.0,655.81
497,0.0,0.00
497,5.0,0.00
497,10.0,0.00
497,15.0,0.00
497,20.0,0.00
497,25.0,0.00
497,30.0,0.00
497,35.0,0.00
497,40.0,0.00
497,45.0,0.00
497,50.0,656.74
498,0.0,0.00
498,5.0,0.00
498,10.0,0.00
498,15.0,0.00
498,20.0,0.00
498,25.0,0.00
498,30.0,0.00
498,35.0,0.00
498,40.0,0.00
498,45.0,0.00
498,50.0,657.67
499,0.0,0.00
499,5.0,0.00
499,10.0,0.00
499,15.0,0.00
499,20.0,0.00
499,25.0,0.00
499,30.0,0.00
499,35.0,0.00
499,40.0,0.00
499,45.0,0.00
499,50.0,658.60
500,0.0,0.00
500,5.0,0.00
500,10.0,0.00
500,15.0,0.00
500,20.0,0.00
500,25.0,0.00
500,30.0,0.00
500,35.0,0.00
500,40.0,0.00
500,45.0,0.00
500,50.0,659.53
501,0.0,0.00
501,5.0,0.00
501,10.0,0.00
501,15.0,0.00
501,20.0,0.00
501,25.0,0.00
501,30.0,0.00
501,35.0,0.00
501,40.0,0.00
501,45.0,0.00
501,50.0,660.47
502,0.0,0.00
502,5.0,0.00
502,10.0,0.00
502,15.0,0.00
502,20.0,0.00
502,25.0,0.00
502,30.0,0.00
502,35.0,0.00
502,40.0,0.00
502,45.0,0.00
502,50.0,661.40
503,0.0,0.00
503,5.0,0.00
503,10.0,0.00
503,15.0,0.00
503,20.0,0.00
503,25.0,0.00
503,30.0,0.00
503,35.0,0.00
503,40.0,0.00
503,45.0,0.00
503,50.0,662.33
504,0.0,0.00
504,5.0,0.00
504,10.0,0.00
504,15.0,0.00
504,20.0,0.00
504,25.0,0.00
504,30.0,0.00
504,35.0,0.00
504,40.0,0.00
504,45.0,0.00
504,50.0,663.26
505,0.0,0.00
505,5.0,0.00
505,10.0,0.00
505,15.0,0.00
505,20.0,0.00
505,25.0,0.00
505,30.0,0.00
505,35.0,0.00
505,40.0,0.00
505,45.0,0.00
505,50.0,664.19
506,0.0,0.00
506,5.0,0.00
506,10.0,0.00
506,15.0,0.00
506,20.0,0.00
506,25.0,0.00
506,30.0,0.00
506,35.0,0.00
506,40.0,0.00
506,45.0,0.00
506,50.0,665.12
507,0.0,0.00
507,5.0,0.00
507,10.0,0.00
507,15.0,0.00
507,20.0,0.00
507,25.0,0.00
507,30.0,0.00
507,35.0,0.00
507,40.0,0.00
507,45.0,0.00
507,50.0,666.05
508,0.0,0.00
508,5.0,0.00
508,10.0,0.00
508,15.0,0.00
508,20.0,0.00
508,25.0,0.00
508,30.0,0.00
508,35.0,0.00
508,40.0,0.00
508,45.0,0.00
508,50.0,666.98
509,0.0,0.00
509,5.0,0.00
509,10.0,0.00
509,15.0,0.00
509,20.0,0.00
509,25.0,0.00
509,30.0,0.00
509,35.0,0.00
509,40.0,0.00
509,45.0,0.00
509,50.0,667.91
510,0.0,0.00
510,5.0,0.00
510,10.0,0.00
510,15.0,0.00
510,20.0,0.00
510,25.0,0.00
510,30.0,0.00
510,35.0,0.00
510,40.0,0.00
510,45.0,0.00
510,50.0,668.84
511,0.0,0.00
511,5.0,0.00
511,10.0,0.00
511,15.0,0.00
511,20.0,0.00
511,25.0,0.00
511,30.0,0.00
511,35.0,0.00
511,40.0,0.00
511,45.0,0.00
511,50.0,669.77
512,0.0,0.00
512,5.0,0.00
512,10.0,0.00
512,15.0,0.00
512,20.0,0.00
512,25.0,0.00
512,30.0,0.00
512,35.0,0.00
512,40.0,0.00
512,45.0,0.00
512,50.0,670.70
513,0.0,0.00
513,5.0,0.00
513,10.0,0.00
513,15.0,0.00
513,20.0,0.00
513,25.0,0.00
513,30.0,0.00
513,35.0,0.00
513,40.0,0.00
513,45.0,0.00
513,50.0,671.63
514,0.0,0.00
514,5.0,0.00
514,10.0,0.00
514,15.0,0.00
514,20.0,0.00
514,25.0,0.00
514,30.0,0.00
514,35.0,0.00
514,40.0,0.00
514,45.0,0.00
514,50.0,672.56
515,0.0,0.00
515,5.0,0.00
515,10.0,0.00
515,15.0,0.00
515,20.0,0.00
515,25.0,0.00
515,30.0,0.00
515,35.0,0.00
515,40.0,0.00
515,45.0,0.00
515,50.0,673.49
516,0.0,0.00
516,5.0,0.00
516,10.0,0.00
516,15.0,0.00
516,20.0,0.00
516,25.0,0.00
516,30.0,0.00
516,35.0,0.00
516,40.0,0.00
516,45.0,0.00
516,50.0,674.42
517,0.0,0.00
517,5.0,0.00
517,10.0,0.00
517,15.0,0.00
517,20.0,0.00
517,25.0,0.00
517,30.0,0.00
517,35.0,0.00
517,40.0,0.00
517,45.0,0.00
517,50.0,675.35
518,0.0,0.00
518,5.0,0.00
518,10.0,0.00
518,15.0,0.00
518,20.0,0.00
518,25.0,0.00
518,30.0,0.00
518,35.0,0.00
518,40.0,0.00
518,45.0,0.00
518,50.0,676.28
519,0.0,0.00
519,5.0,0.00
519,10.0,0.00
519,15.0,0.00
519,20.0,0.00
519,25.0,0.00
519,30.0,0.00
519,35.0,0.00
519,40.0,0.00
519,45.0,0.00
519,50.0,677.21
520,0.0,0.00
520,5.0,0.00
520,10.0,0.00
520,15.0,0.00
520,20.0,0.00
520,25.0,0.00
520,30.0,0.00
520,35.0,0.00
520,40.0,0.00
520,45.0,0.00
520,50.0,678.14
521,0.0,0.00
521,5.0,0.00
521,10.0,0.00
521,15.0,0.00
521,20.0,0.00
521,25.0,0.00
521,30.0,0.00
521,35.0,0.00
521,40.0,0.00
521,45.0,0.00
521,50.0,679.07
522,0.0,0.00
522,5.0,0.00
522,10.0,0.00
522,15.0,0.00
522,20.0,0.00
522,25.0,0.00
522,30.0,0.00
522,35.0,0.00
522,40.0,0.00
522,45.0,0.00
522,50.0,680.00
523,0.0,0.00
523,5.0,0.00
523,10.0,0.00
523,15.0,0.00
523,20.0,0.00
523,25.0,0.00
523,30.0,0.00
523,35.0,0.00
523,40.0,0.00
523,45.0,0.00
523,50.0,681.33
524,0.0,0.00
524,5.0,0.00
524,10.0,0.00
524,15.0,0.00
524,20.0,0.00
524,25.0,0.00
524,30.0,0.00
524,35.0,0.00
524,40.0,0.00
524,45.0,0.00
524,50.0,682.67
525,0.0,0.00
525,5.0,0.00
525,10.0,0.00
525,15.0,0.00
525,20.0,0.00
525,25.0,0.00
525,30.0,0.00
525,35.0,0.00
525,40.0,0.00
525,45.0,0.00
525,50.0,684.00
526,0.0,0.00
526,5.0,0.00
526,10.0,0.00
526,15.0,0.00
526,20.0,0.00
526,25.0,0.00
526,30.0,0.00
526,35.0,0.00
526,40.0,0.00
526,45.0,0.00
526,50.0,685.33
527,0.0,0.00
527,5.0,0.00
527,10.0,0.00
527,15.0,0.00
527,20.0,0.00
527,25.0,0.00
527,30.0,0.00
527,35.0,0.00
527,40.0,0.00
527,45.0,0.00
527,50.0,686.67
528,0.0,0.00
528,5.0,0.00
528,10.0,0.00
528,15.0,0.00
528,20.0,0.00
528,25.0,0.00
528,30.0,0.00
528,35.0,0.00
528,40.0,0.00
528,45.0,0.00
528,50.0,688.00
529,0.0,0.00
529,5.0,0.00
529,10.0,0.00
529,15.0,0.00
529,20.0,0.00
529,25.0,0.00
529,30.0,0.00
529,35.0,0.00
529,40.0,0.00
529,45.0,0.00
529,50.0,689.33
530,0.0,0.00
530,5.0,0.00
530,10.0,0.00
530,15.0,0.00
530,20.0,0.00
530,25.0,0.00
530,30.0,0.00
530,35.0,0.00
530,40.0,0.00
530,45.0,0.00
530,50.0,690.67
531,0.0,0.00
531,5.0,0.00
531,10.0,0.00
531,15.0,0.00
531,20.0,0.00
531,25.0,0.00
531,30.0,0.00
531,35.0,0.00
531,40.0,0.00
531,45.0,0.00
531,50.0,692.00
532,0.0,0.00
532,5.0,0.00
532,10.0,0.00
532,15.0,0.00
532,20.0,0.00
532,25.0,0.00
532,30.0,0.00
532,35.0,0.00
532,40.0,0.00
532,45.0,0.00
532,50.0,693.33
533,0.0,0.00
533,5.0,0.00
533,10.0,0.00
533,15.0,0.00
533,20.0,0.00
533,25.0,0.00
533,30.0,0.00
533,35.0,0.00
533,40.0,0.00
533,45.0,0.00
533,50.0,694.67
534,0.0,0.00
534,5.0,0.00
534,10.0,0.00
534,15.0,0.00
534,20.0,0.00
534,25.0,0.00
534,30.0,0.00
534,35.0,0.00
534,40.0,0.00
534,45.0,0.00
534,50.0,696.00
535,0.0,0.00
535,5.0,0.00
535,10.0,0.00
535,15.0,0.00
535,20.0,0.00
535,25.0,0.00
535,30.0,0.00
535,35.0,0.00
535,40.0,0.00
535,45.0,0.00
535,50.0,697.33
536,0.0,0.00
536,5.0,0.00
536,10.0,0.00
536,15.0,0.00
536,20.0,0.00
536,25.0,0.00
536,30.0,0.00
536,35.0,0.00
536,40.0,0.00
536,45.0,0.00
536,50.0,698.67
537,0.0,0.00
537,5.0,0.00
537,10.0,0.00
537,15.0,0.00
537,20.0,0.00
537,25.0,0.00
537,30.0,0.00
537,35.0,0.00
537,40.0,0.00
537,45.0,0.00
537,50.0,700.00
538,0.0,0.00
538,5.0,0.00
538,10.0,0.00
538,15.0,0.00
538,20.0,0.00
538,25.0,0.00
538,30.0,0.00
538,35.0,0.00
538,40.0,0.00
538,45.0,0.00
538,50.0,701.33
539,0.0,0.00
539,5.0,0.00
539,10.0,0.00
539,15.0,0.00
539,20.0,0.00
539,25.0,0.00
539,30.0,0.00
539,35.0,0.00
539,40.0,0.00
539,45.0,0.00
539,50.0,702.67
540,0.0,0.00
540,5.0,0.00
540,10.0,0.00
540,15.0,0.00
540,20.0,0.00
540,25.0,0.00
540,30.0,0.00
540,35.0,0.00
540,40.0,0.00
540,45.0,0.00
540,50.0,704.00
541,0.0,0.00
541,5.0,0.00
541,10.0,0.00
541,15.0,0.00
541,20.0,0.00
541,25.0,0.00
541,30.0,0.00
541,35.0,0.00
541,40.0,0.00
541,45.0,0.00
541,50.0,705.33
542,0.0,0.00
542,5.0,0.00
542,10.0,0.00
542,15.0,0.00
542,20.0,0.00
542,25.0,0.00
542,30.0,0.00
542,35.0,0.00
542,40.0,0.00
542,45.0,0.00
542,50.0,706.67
543,0.0,0.00
543,5.0,0.00
543,10.0,0.00
543,15.0,0.00
543,20.0,0.00
543,25.0,0.00
543,30.0,0.00
543,35.0,0.00
543,40.0,0.00
543,45.0,0.00
543,50.0,708.00
544,0.0,0.00
544,5.0,0.00
544,10.0,0.00
544,15.0,0.00
544,20.0,0.00
544,25.0,0.00
544,30.0,0.00
544,35.0,0.00
544,40.0,0.00
544,45.0,0.00
544,50.0,709.33
545,0.0,0.00
545,5.0,0.00
545,10.0,0.00
545,15.0,0.00
545,20.0,0.00
545,25.0,0.00
545,30.0,0.00
545,35.0,0.00
545,40.0,0.00
545,45.0,0.00
545,50.0,710.67
546,0.0,0.00
546,5.0,0.00
546,10.0,0.00
546,15.0,0.00
546,20.0,0.00
546,25.0,0.00
546,30.0,0.00
546,35.0,0.00
546,40.0,0.00
546,45.0,0.00
546,50.0,712.00
547,0.0,0.00
547,5.0,0.00
547,10.0,0.00
547,15.0,0.00
547,20.0,0.00
547,25.0,0.00
547,30.0,0.00
547,35.0,0.00
547,40.0,0.00
547,45.0,0.00
547,50.0,713.33
548,0.0,0.00
548,5.0,0.00
548,10.0,0.00
548,15.0,0.00
548,20.0,0.00
548,25.0,0.00
548,30.0,0.00
548,35.0,0.00
548,40.0,0.00
548,45.0,0.00
548,50.0,714.67
549,0.0,0.00
549,5.0,0.00
549,10.0,0.00
549,15.0,0.00
549,20.0,0.00
549,25.0,0.00
549,30.0,0.00
549,35.0,0.00
549,40.0,0.00
549,45.0,0.00
549,50.0,716.00
550,0.0,0.00
550,5.0,0.00
550,10.0,0.00
550,15.0,0.00
550,20.0,0.00
550,25.0,0.00
550,30.0,0.00
550,35.0,0.00
550,40.0,0.00
550,45.0,0.00
550,50.0,717.33
551,0.0,0.00
551,5.0,0.00
551,10.0,0.00
551,15.0,0.00
551,20.0,0.00
551,25.0,0.00
551,30.0,0.00
551,35.0,0.00
551,40.0,0.00
551,45.0,0.00
551,50.0,718.67
552,0.0,0.00
552,5.0,0.00
552,10.0,0.00
552,15.0,0.00
552,20.0,0.00
552,25.0,0.00
552,30.0,0.00
552,35.0,0.00
552,40.0,0.00
552,45.0,0.00
552,50.0,720.00
553,0.0,0.00
553,5.0,0.00
553,10.0,0.00
553,15.0,0.00
553,20.0,0.00
553,25.0,0.00
553,30.0,0.00
553,35.0,0.00
553,40.0,0.00
553,45.0,0.00
553,50.0,0.00
554,0.0,0.00
554,5.0,0.00
554,10.0,0.00
554,15.0,0.00
554,20.0,0.00
554,25.0,0.00
554,30.0,0.00
554,35.0,0.00
554,40.0,0.00
554,45.0,0.00
554,50.0,0.00
555,0.0,0.00
555,5.0,0.00
555,10.0,0.00
555,15.0,0.00
555,20.0,0.00
555,25.0,0.00
555,30.0,0.00
555,35.0,0.00
555,40.0,0.00
555,45.0,0.00
555,50.0,0.00
556,0.0,0.00
556,5.0,0.00
556,10.0,0.00
556,15.0,0.00
556,20.0,0.00
556,25.0,0.00
556,30.0,0.00
556,35.0,0.00
556,40.0,0.00
556,45.0,0.00
556,50.0,0.00
557,0.0,0.00
557,5.0,0.00
557,10.0,0.00
557,15.0,0.00
557,20.0,0.00
557,25.0,0.00
557,30.0,0.00
557,35.0,0.00
557,40.0,0.00
557,45.0,0.00
557,50.0,0.00
558,0.0,0.00
558,5.0,0.00
558,10.0,0.00
558,15.0,0.00
558,20.0,0.00
558,25.0,0.00
558,30.0,0.00
558,35.0,0.00
558,40.0,0.00
558,45.0,0.00
558,50.0,0.00
